
===== n8n Build & Production Preparation =====
INFO: Output Directory: /home/jan/n8n/compiled
-----------------------------------------------
INFO: Cleaning previous output directory: /home/jan/n8n/compiled...
(node:580810) Warning: The 'NO_COLOR' env is ignored due to the 'FORCE_COLOR' env being set.
(Use `node --trace-warnings ...` to show where the warning was created)
INFO: Cleaning previous task runner output directory: /home/jan/n8n/dist/task-runner-javascript...
-----------------------------------------------
INFO: Starting local application pre-build...
INFO: Running pnpm install and build...
$ cd /home/jan/n8n && pnpm install --frozen-lockfile
(node:581175) Warning: The 'NO_COLOR' env is ignored due to the 'FORCE_COLOR' env being set.
(Use `node --trace-warnings ...` to show where the warning was created)
(node:581223) Warning: The 'NO_COLOR' env is ignored due to the 'FORCE_COLOR' env being set.
(Use `node --trace-warnings ...` to show where the warning was created)
(node:581223) Warning: The 'NO_COLOR' env is ignored due to the 'FORCE_COLOR' env being set.
(Use `node --trace-warnings ...` to show where the warning was created)
$ cd /home/jan/n8n && pnpm build
(node:584587) Warning: The 'NO_COLOR' env is ignored due to the 'FORCE_COLOR' env being set.
(Use `node --trace-warnings ...` to show where the warning was created)
(node:585092) Warning: The 'NO_COLOR' env is ignored due to the 'FORCE_COLOR' env being set.
(Use `node --trace-warnings ...` to show where the warning was created)

> n8n-monorepo@1.122.0 build /home/jan/n8n
> turbo run build

turbo 2.5.4

[2m• Packages in scope: @n8n/ai-workflow-builder, @n8n/api-types, @n8n/backend-common, @n8n/backend-test-utils, @n8n/chat, @n8n/client-oauth2, @n8n/codemirror-lang, @n8n/codemirror-lang-sql, @n8n/composables, @n8n/config, @n8n/constants, @n8n/create-node, @n8n/db, @n8n/decorators, @n8n/design-system, @n8n/di, @n8n/errors, @n8n/eslint-config, @n8n/eslint-plugin-community-nodes, @n8n/extension-sdk, @n8n/i18n, @n8n/imap, @n8n/json-schema-to-zod, @n8n/n8n-benchmark, @n8n/n8n-extension-insights, @n8n/n8n-nodes-langchain, @n8n/node-cli, @n8n/permissions, @n8n/rest-api-client, @n8n/scan-community-package, @n8n/stores, @n8n/storybook, @n8n/stylelint-config, @n8n/task-runner, @n8n/typescript-config, @n8n/utils, @n8n/vitest-config, n8n, n8n-containers, n8n-core, n8n-editor-ui, n8n-node-dev, n8n-nodes-base, n8n-playwright, n8n-workflow[0m
[2m• Running [0m[1m[2mbuild[0m[2m in 45 packages
[0m[2m• Remote caching disabled[0m
[35m@n8n/di:build: [0mcache hit, replaying logs [2m1dafff3859f38567[0m
[35m@n8n/di:build: [0m
[35m@n8n/di:build: [0m> @n8n/di@0.10.0 build /home/jan/n8n/packages/@n8n/di
[35m@n8n/di:build: [0m> tsc -p tsconfig.build.json
[35m@n8n/di:build: [0m
[32m@n8n/errors:build: [0mcache hit, replaying logs [2m8a64127259c9441b[0m
[32m@n8n/errors:build: [0m
[32m@n8n/errors:build: [0m> @n8n/errors@0.5.0 build /home/jan/n8n/packages/@n8n/errors
[32m@n8n/errors:build: [0m> tsc -p tsconfig.build.json
[32m@n8n/errors:build: [0m
[35m@n8n/constants:build: [0mcache hit, replaying logs [2m39f6d2f3f7fcd24f[0m
[35m@n8n/constants:build: [0m
[35m@n8n/constants:build: [0m> @n8n/constants@0.14.0 build /home/jan/n8n/packages/@n8n/constants
[35m@n8n/constants:build: [0m> tsc -p tsconfig.build.json
[35m@n8n/constants:build: [0m
[35m@n8n/client-oauth2:build: [0mcache hit, replaying logs [2m5492fc72500472bb[0m
[35m@n8n/client-oauth2:build: [0m
[35m@n8n/client-oauth2:build: [0m> @n8n/client-oauth2@0.32.0 build /home/jan/n8n/packages/@n8n/client-oauth2
[35m@n8n/client-oauth2:build: [0m> tsc -p tsconfig.build.json
[35m@n8n/client-oauth2:build: [0m
[32m@n8n/vitest-config:build: [0mcache hit, replaying logs [2me51e62db27553201[0m
[32m@n8n/vitest-config:build: [0m
[32m@n8n/vitest-config:build: [0m> @n8n/vitest-config@1.5.0 build /home/jan/n8n/packages/@n8n/vitest-config
[32m@n8n/vitest-config:build: [0m> tsc -p tsconfig.build.json
[32m@n8n/vitest-config:build: [0m
[33m@n8n/permissions:build: [0mcache hit, replaying logs [2mf11a169d908bce9b[0m
[33m@n8n/permissions:build: [0m
[33m@n8n/permissions:build: [0m> @n8n/permissions@0.43.0 build /home/jan/n8n/packages/@n8n/permissions
[33m@n8n/permissions:build: [0m> tsc -p tsconfig.build.json
[33m@n8n/permissions:build: [0m
[33m@n8n/stylelint-config:build: [0mcache hit, replaying logs [2m905e96be3553c097[0m
[33m@n8n/stylelint-config:build: [0m
[33m@n8n/stylelint-config:build: [0m> @n8n/stylelint-config@0.0.1 build /home/jan/n8n/packages/@n8n/stylelint-config
[33m@n8n/stylelint-config:build: [0m> tsc
[33m@n8n/stylelint-config:build: [0m
[32m@n8n/codemirror-lang:build: [0mcache hit, replaying logs [2mf019961f0f0087af[0m
[32m@n8n/codemirror-lang:build: [0m
[32m@n8n/codemirror-lang:build: [0m> @n8n/codemirror-lang@0.3.0 build /home/jan/n8n/packages/@n8n/codemirror-lang
[32m@n8n/codemirror-lang:build: [0m> tsc -p tsconfig.build.json
[32m@n8n/codemirror-lang:build: [0m
[34m@n8n/n8n-benchmark:build: [0mcache hit, replaying logs [2mc77a36932d6ea91f[0m
[34m@n8n/n8n-benchmark:build: [0m
[34m@n8n/n8n-benchmark:build: [0m> @n8n/n8n-benchmark@1.30.0 build /home/jan/n8n/packages/@n8n/benchmark
[34m@n8n/n8n-benchmark:build: [0m> tsc -p tsconfig.build.json && tsc-alias -p tsconfig.build.json
[34m@n8n/n8n-benchmark:build: [0m
[36m@n8n/extension-sdk:build: [0mcache hit, replaying logs [2m9e18cb0ea8618c50[0m
[36m@n8n/extension-sdk:build: [0m
[36m@n8n/extension-sdk:build: [0m> @n8n/extension-sdk@0.9.0 build /home/jan/n8n/packages/@n8n/extension-sdk
[36m@n8n/extension-sdk:build: [0m> pnpm "/^typecheck:.+/" && pnpm clean && tsdown && pnpm create-json-schema
[36m@n8n/extension-sdk:build: [0m
[36m@n8n/extension-sdk:build: [0m
[36m@n8n/extension-sdk:build: [0m> @n8n/extension-sdk@0.9.0 clean /home/jan/n8n/packages/@n8n/extension-sdk
[36m@n8n/extension-sdk:build: [0m> rimraf dist
[36m@n8n/extension-sdk:build: [0m
[36m@n8n/extension-sdk:build: [0mℹ tsdown v0.16.6 powered by rolldown v1.0.0-beta.51
[36m@n8n/extension-sdk:build: [0mℹ Using tsdown config: /home/jan/n8n/packages/@n8n/extension-sdk/tsdown.config.ts
[36m@n8n/extension-sdk:build: [0mℹ entry: src/index.ts, src/schema.ts
[36m@n8n/extension-sdk:build: [0mℹ entry: src/backend/define.ts, src/backend/index.ts, src/backend/types.ts
[36m@n8n/extension-sdk:build: [0mℹ entry: src/frontend/define.ts, src/frontend/index.ts, src/frontend/types.ts
[36m@n8n/extension-sdk:build: [0mℹ tsconfig: tsconfig.common.json
[36m@n8n/extension-sdk:build: [0mℹ tsconfig: tsconfig.backend.json
[36m@n8n/extension-sdk:build: [0mℹ tsconfig: tsconfig.frontend.json
[36m@n8n/extension-sdk:build: [0mℹ Build start
[36m@n8n/extension-sdk:build: [0mℹ [CJS] dist/index.cjs        0.12 kB │ gzip: 0.09 kB
[36m@n8n/extension-sdk:build: [0mℹ [CJS] dist/schema.cjs       0.12 kB │ gzip: 0.09 kB
[36m@n8n/extension-sdk:build: [0mℹ [CJS] dist/schema2.cjs.map  2.62 kB │ gzip: 0.86 kB
[36m@n8n/extension-sdk:build: [0mℹ [CJS] dist/schema2.cjs      0.90 kB │ gzip: 0.39 kB
[36m@n8n/extension-sdk:build: [0mℹ [CJS] 4 files, total: 3.76 kB
[36m@n8n/extension-sdk:build: [0mℹ [CJS] dist/backend/define.cjs       0.12 kB │ gzip: 0.09 kB
[36m@n8n/extension-sdk:build: [0mℹ [CJS] dist/backend/index.cjs        0.12 kB │ gzip: 0.09 kB
[36m@n8n/extension-sdk:build: [0mℹ [CJS] dist/backend/types.cjs        0.00 kB │ gzip: 0.02 kB
[36m@n8n/extension-sdk:build: [0mℹ [CJS] dist/backend/define2.cjs.map  0.33 kB │ gzip: 0.23 kB
[36m@n8n/extension-sdk:build: [0mℹ [CJS] dist/backend/define2.cjs      0.29 kB │ gzip: 0.20 kB
[36m@n8n/extension-sdk:build: [0mℹ [CJS] 5 files, total: 0.86 kB
[36m@n8n/extension-sdk:build: [0mℹ [CJS] dist/frontend/define.cjs       0.12 kB │ gzip: 0.09 kB
[36m@n8n/extension-sdk:build: [0mℹ [CJS] dist/frontend/index.cjs        0.12 kB │ gzip: 0.09 kB
[36m@n8n/extension-sdk:build: [0mℹ [CJS] dist/frontend/types.cjs        0.00 kB │ gzip: 0.02 kB
[36m@n8n/extension-sdk:build: [0mℹ [CJS] dist/frontend/define2.cjs.map  0.33 kB │ gzip: 0.23 kB
[36m@n8n/extension-sdk:build: [0mℹ [CJS] dist/frontend/define2.cjs      0.30 kB │ gzip: 0.20 kB
[36m@n8n/extension-sdk:build: [0mℹ [CJS] 5 files, total: 0.87 kB
[36m@n8n/extension-sdk:build: [0mℹ [ESM] dist/index.mjs        0.10 kB │ gzip: 0.09 kB
[36m@n8n/extension-sdk:build: [0mℹ [ESM] dist/schema.mjs       0.10 kB │ gzip: 0.09 kB
[36m@n8n/extension-sdk:build: [0mℹ [ESM] dist/schema2.mjs.map  2.59 kB │ gzip: 0.86 kB
[36m@n8n/extension-sdk:build: [0mℹ [ESM] dist/schema2.mjs      0.70 kB │ gzip: 0.33 kB
[36m@n8n/extension-sdk:build: [0mℹ [ESM] dist/index.d.mts      0.14 kB │ gzip: 0.10 kB
[36m@n8n/extension-sdk:build: [0mℹ [ESM] dist/schema.d.mts     0.14 kB │ gzip: 0.10 kB
[36m@n8n/extension-sdk:build: [0mℹ [ESM] dist/schema2.d.mts    2.37 kB │ gzip: 0.49 kB
[36m@n8n/extension-sdk:build: [0mℹ [ESM] 7 files, total: 6.13 kB
[36m@n8n/extension-sdk:build: [0mℹ [ESM] dist/backend/define.mjs       0.10 kB │ gzip: 0.09 kB
[36m@n8n/extension-sdk:build: [0mℹ [ESM] dist/backend/index.mjs        0.10 kB │ gzip: 0.09 kB
[36m@n8n/extension-sdk:build: [0mℹ [ESM] dist/backend/types.mjs        0.01 kB │ gzip: 0.03 kB
[36m@n8n/extension-sdk:build: [0mℹ [ESM] dist/backend/define2.mjs.map  0.33 kB │ gzip: 0.23 kB
[36m@n8n/extension-sdk:build: [0mℹ [ESM] dist/backend/define2.mjs      0.19 kB │ gzip: 0.15 kB
[36m@n8n/extension-sdk:build: [0mℹ [ESM] dist/backend/index.d.mts      0.28 kB │ gzip: 0.13 kB
[36m@n8n/extension-sdk:build: [0mℹ [ESM] dist/backend/types.d.mts      0.19 kB │ gzip: 0.11 kB
[36m@n8n/extension-sdk:build: [0mℹ [ESM] dist/backend/define.d.mts     0.12 kB │ gzip: 0.10 kB
[36m@n8n/extension-sdk:build: [0mℹ [ESM] dist/backend/types2.d.mts     0.36 kB │ gzip: 0.20 kB
[36m@n8n/extension-sdk:build: [0mℹ [ESM] dist/backend/define2.d.mts    0.27 kB │ gzip: 0.17 kB
[36m@n8n/extension-sdk:build: [0mℹ [ESM] 10 files, total: 1.94 kB
[36m@n8n/extension-sdk:build: [0mℹ [CJS] dist/index.d.cts    0.14 kB │ gzip: 0.10 kB
[36m@n8n/extension-sdk:build: [0mℹ [CJS] dist/schema.d.cts   0.14 kB │ gzip: 0.10 kB
[36m@n8n/extension-sdk:build: [0mℹ [CJS] dist/schema2.d.cts  2.37 kB │ gzip: 0.49 kB
[36m@n8n/extension-sdk:build: [0mℹ [CJS] 3 files, total: 2.65 kB
[36m@n8n/extension-sdk:build: [0m✔ Build complete in 39423ms
[36m@n8n/extension-sdk:build: [0mℹ [ESM] dist/frontend/define.mjs       0.10 kB │ gzip: 0.09 kB
[36m@n8n/extension-sdk:build: [0mℹ [ESM] dist/frontend/index.mjs        0.10 kB │ gzip: 0.09 kB
[36m@n8n/extension-sdk:build: [0mℹ [ESM] dist/frontend/types.mjs        0.01 kB │ gzip: 0.03 kB
[36m@n8n/extension-sdk:build: [0mℹ [ESM] dist/frontend/define2.mjs.map  0.33 kB │ gzip: 0.23 kB
[36m@n8n/extension-sdk:build: [0mℹ [ESM] dist/frontend/define2.mjs      0.19 kB │ gzip: 0.15 kB
[36m@n8n/extension-sdk:build: [0mℹ [ESM] dist/frontend/index.d.mts      0.28 kB │ gzip: 0.13 kB
[36m@n8n/extension-sdk:build: [0mℹ [ESM] dist/frontend/types.d.mts      0.20 kB │ gzip: 0.11 kB
[36m@n8n/extension-sdk:build: [0mℹ [ESM] dist/frontend/define.d.mts     0.12 kB │ gzip: 0.10 kB
[36m@n8n/extension-sdk:build: [0mℹ [ESM] dist/frontend/types2.d.mts     0.57 kB │ gzip: 0.28 kB
[36m@n8n/extension-sdk:build: [0mℹ [ESM] dist/frontend/define2.d.mts    0.27 kB │ gzip: 0.18 kB
[36m@n8n/extension-sdk:build: [0mℹ [ESM] 10 files, total: 2.18 kB
[36m@n8n/extension-sdk:build: [0mℹ [CJS] dist/backend/index.d.cts    0.28 kB │ gzip: 0.13 kB
[36m@n8n/extension-sdk:build: [0mℹ [CJS] dist/backend/types.d.cts    0.19 kB │ gzip: 0.11 kB
[36m@n8n/extension-sdk:build: [0mℹ [CJS] dist/backend/define.d.cts   0.12 kB │ gzip: 0.10 kB
[36m@n8n/extension-sdk:build: [0mℹ [CJS] dist/backend/types2.d.cts   0.36 kB │ gzip: 0.20 kB
[36m@n8n/extension-sdk:build: [0mℹ [CJS] dist/backend/define2.d.cts  0.27 kB │ gzip: 0.18 kB
[36m@n8n/extension-sdk:build: [0mℹ [CJS] 5 files, total: 1.22 kB
[36m@n8n/extension-sdk:build: [0m✔ Build complete in 39463ms
[36m@n8n/extension-sdk:build: [0mℹ [CJS] dist/frontend/index.d.cts    0.28 kB │ gzip: 0.13 kB
[36m@n8n/extension-sdk:build: [0mℹ [CJS] dist/frontend/types.d.cts    0.20 kB │ gzip: 0.11 kB
[36m@n8n/extension-sdk:build: [0mℹ [CJS] dist/frontend/define.d.cts   0.12 kB │ gzip: 0.10 kB
[36m@n8n/extension-sdk:build: [0mℹ [CJS] dist/frontend/types2.d.cts   0.57 kB │ gzip: 0.28 kB
[36m@n8n/extension-sdk:build: [0mℹ [CJS] dist/frontend/define2.d.cts  0.27 kB │ gzip: 0.18 kB
[36m@n8n/extension-sdk:build: [0mℹ [CJS] 5 files, total: 1.45 kB
[36m@n8n/extension-sdk:build: [0m✔ Build complete in 39510ms
[36m@n8n/extension-sdk:build: [0m
[36m@n8n/extension-sdk:build: [0m> @n8n/extension-sdk@0.9.0 create-json-schema /home/jan/n8n/packages/@n8n/extension-sdk
[36m@n8n/extension-sdk:build: [0m> tsx scripts/create-json-schema.ts
[36m@n8n/extension-sdk:build: [0m
[33m@n8n/json-schema-to-zod:build: [0mcache hit, replaying logs [2m9e591f0d4dcc2c32[0m
[33m@n8n/json-schema-to-zod:build: [0m
[33m@n8n/json-schema-to-zod:build: [0m> @n8n/json-schema-to-zod@1.6.0 build /home/jan/n8n/packages/@n8n/json-schema-to-zod
[33m@n8n/json-schema-to-zod:build: [0m> rimraf ./dist && pnpm run build:types && pnpm run build:cjs && pnpm run build:esm
[33m@n8n/json-schema-to-zod:build: [0m
[33m@n8n/json-schema-to-zod:build: [0m
[33m@n8n/json-schema-to-zod:build: [0m> @n8n/json-schema-to-zod@1.6.0 build:types /home/jan/n8n/packages/@n8n/json-schema-to-zod
[33m@n8n/json-schema-to-zod:build: [0m> tsc -p tsconfig.types.json
[33m@n8n/json-schema-to-zod:build: [0m
[33m@n8n/json-schema-to-zod:build: [0m
[33m@n8n/json-schema-to-zod:build: [0m> @n8n/json-schema-to-zod@1.6.0 build:cjs /home/jan/n8n/packages/@n8n/json-schema-to-zod
[33m@n8n/json-schema-to-zod:build: [0m> tsc -p tsconfig.cjs.json && node postcjs.cjs
[33m@n8n/json-schema-to-zod:build: [0m
[33m@n8n/json-schema-to-zod:build: [0m
[33m@n8n/json-schema-to-zod:build: [0m> @n8n/json-schema-to-zod@1.6.0 build:esm /home/jan/n8n/packages/@n8n/json-schema-to-zod
[33m@n8n/json-schema-to-zod:build: [0m> tsc -p tsconfig.esm.json && node postesm.cjs
[33m@n8n/json-schema-to-zod:build: [0m
[32m@n8n/imap:build: [0mcache hit, replaying logs [2m4b24ecddcfa44d87[0m
[32m@n8n/imap:build: [0m
[32m@n8n/imap:build: [0m> @n8n/imap@0.16.0 build /home/jan/n8n/packages/@n8n/imap
[32m@n8n/imap:build: [0m> tsc -p tsconfig.build.json
[32m@n8n/imap:build: [0m
[33m@n8n/codemirror-lang-sql:build: [0mcache hit, replaying logs [2mc92def67fac198eb[0m
[33m@n8n/codemirror-lang-sql:build: [0m
[33m@n8n/codemirror-lang-sql:build: [0m> @n8n/codemirror-lang-sql@1.3.0 build /home/jan/n8n/packages/@n8n/codemirror-lang-sql
[33m@n8n/codemirror-lang-sql:build: [0m> tsc -p tsconfig.build.json
[33m@n8n/codemirror-lang-sql:build: [0m
[36m@n8n/n8n-extension-insights:build: [0mcache hit, replaying logs [2mee2894f2ba89bd06[0m
[36m@n8n/n8n-extension-insights:build: [0m
[36m@n8n/n8n-extension-insights:build: [0m> @n8n/n8n-extension-insights@0.11.0 build /home/jan/n8n/packages/extensions/insights
[36m@n8n/n8n-extension-insights:build: [0m> pnpm cleanup && pnpm run "/^build:.*/"
[36m@n8n/n8n-extension-insights:build: [0m
[36m@n8n/n8n-extension-insights:build: [0m
[36m@n8n/n8n-extension-insights:build: [0m> @n8n/n8n-extension-insights@0.11.0 cleanup /home/jan/n8n/packages/extensions/insights
[36m@n8n/n8n-extension-insights:build: [0m> rimraf dist
[36m@n8n/n8n-extension-insights:build: [0m
[33m@n8n/eslint-config:build: [0mcache hit, replaying logs [2mc86b70637a239097[0m
[33m@n8n/eslint-config:build: [0m
[33m@n8n/eslint-config:build: [0m> @n8n/eslint-config@0.0.1 build /home/jan/n8n/packages/@n8n/eslint-config
[33m@n8n/eslint-config:build: [0m> tsc
[33m@n8n/eslint-config:build: [0m
[34m@n8n/eslint-plugin-community-nodes:build: [0mcache hit, replaying logs [2mc58db37c25a78c7c[0m
[34m@n8n/eslint-plugin-community-nodes:build: [0m
[34m@n8n/eslint-plugin-community-nodes:build: [0m> @n8n/eslint-plugin-community-nodes@0.7.0 build /home/jan/n8n/packages/@n8n/eslint-plugin-community-nodes
[34m@n8n/eslint-plugin-community-nodes:build: [0m> tsc --project tsconfig.build.json
[34m@n8n/eslint-plugin-community-nodes:build: [0m
[36m@n8n/config:build: [0mcache hit, replaying logs [2mbf17aab338001067[0m
[36m@n8n/config:build: [0m
[36m@n8n/config:build: [0m> @n8n/config@1.64.0 build /home/jan/n8n/packages/@n8n/config
[36m@n8n/config:build: [0m> tsc -p tsconfig.build.json
[36m@n8n/config:build: [0m
[34m@n8n/composables:build: [0mcache hit, replaying logs [2m2939909a4d802993[0m
[34m@n8n/composables:build: [0m
[34m@n8n/composables:build: [0m> @n8n/composables@1.13.0 build /home/jan/n8n/packages/frontend/@n8n/composables
[34m@n8n/composables:build: [0m> tsdown
[34m@n8n/composables:build: [0m
[34m@n8n/composables:build: [0mℹ tsdown v0.16.6 powered by rolldown v1.0.0-beta.51
[34m@n8n/composables:build: [0mℹ Using tsdown config: /home/jan/n8n/packages/frontend/@n8n/composables/tsdown.config.ts
[34m@n8n/composables:build: [0mℹ entry: src/useDeviceSupport.ts, src/useShortKeyPress.ts, src/useThrottleWithReactiveDelay.ts
[34m@n8n/composables:build: [0mℹ tsconfig: tsconfig.json
[34m@n8n/composables:build: [0mℹ Build start
[34m@n8n/composables:build: [0mℹ Cleaning 19 files
[34m@n8n/composables:build: [0mℹ [CJS] dist/useDeviceSupport.cjs                  1.76 kB │ gzip: 0.70 kB
[34m@n8n/composables:build: [0mℹ [CJS] dist/useShortKeyPress.cjs                  0.64 kB │ gzip: 0.33 kB
[34m@n8n/composables:build: [0mℹ [CJS] dist/useThrottleWithReactiveDelay.cjs      0.61 kB │ gzip: 0.33 kB
[34m@n8n/composables:build: [0mℹ [CJS] dist/useDeviceSupport.cjs.map              2.58 kB │ gzip: 1.07 kB
[34m@n8n/composables:build: [0mℹ [CJS] dist/useShortKeyPress.cjs.map              1.26 kB │ gzip: 0.64 kB
[34m@n8n/composables:build: [0mℹ [CJS] dist/useThrottleWithReactiveDelay.cjs.map  0.88 kB │ gzip: 0.49 kB
[34m@n8n/composables:build: [0mℹ [CJS] 6 files, total: 7.73 kB
[34m@n8n/composables:build: [0mℹ [ESM] dist/useDeviceSupport.mjs                  1.68 kB │ gzip: 0.69 kB
[34m@n8n/composables:build: [0mℹ [ESM] dist/useShortKeyPress.mjs                  0.57 kB │ gzip: 0.32 kB
[34m@n8n/composables:build: [0mℹ [ESM] dist/useThrottleWithReactiveDelay.mjs      0.56 kB │ gzip: 0.31 kB
[34m@n8n/composables:build: [0mℹ [ESM] dist/useDeviceSupport.mjs.map              2.62 kB │ gzip: 1.07 kB
[34m@n8n/composables:build: [0mℹ [ESM] dist/useShortKeyPress.mjs.map              1.27 kB │ gzip: 0.64 kB
[34m@n8n/composables:build: [0mℹ [ESM] dist/useThrottleWithReactiveDelay.mjs.map  0.89 kB │ gzip: 0.48 kB
[34m@n8n/composables:build: [0mℹ [ESM] dist/useDeviceSupport.d.mts                0.47 kB │ gzip: 0.29 kB
[34m@n8n/composables:build: [0mℹ [ESM] dist/useShortKeyPress.d.mts                0.41 kB │ gzip: 0.25 kB
[34m@n8n/composables:build: [0mℹ [ESM] dist/useThrottleWithReactiveDelay.d.mts    0.30 kB │ gzip: 0.19 kB
[34m@n8n/composables:build: [0mℹ [ESM] 9 files, total: 8.78 kB
[34m@n8n/composables:build: [0mℹ [CJS] dist/useDeviceSupport.d.cts              0.47 kB │ gzip: 0.29 kB
[34m@n8n/composables:build: [0mℹ [CJS] dist/useShortKeyPress.d.cts              0.41 kB │ gzip: 0.25 kB
[34m@n8n/composables:build: [0mℹ [CJS] dist/useThrottleWithReactiveDelay.d.cts  0.30 kB │ gzip: 0.19 kB
[34m@n8n/composables:build: [0mℹ [CJS] 3 files, total: 1.18 kB
[34m@n8n/composables:build: [0m✔ Build complete in 17690ms
[35m@n8n/utils:build: [0mcache hit, replaying logs [2mde577fe28a9db65a[0m
[35m@n8n/utils:build: [0m
[35m@n8n/utils:build: [0m> @n8n/utils@1.20.0 build /home/jan/n8n/packages/@n8n/utils
[35m@n8n/utils:build: [0m> tsdown
[35m@n8n/utils:build: [0m
[35m@n8n/utils:build: [0mℹ tsdown v0.16.6 powered by rolldown v1.0.0-beta.51
[35m@n8n/utils:build: [0mℹ Using tsdown config: /home/jan/n8n/packages/@n8n/utils/tsdown.config.ts
[35m@n8n/utils:build: [0mℹ entry: src/assert.ts, src/event-bus.ts, src/event-queue.ts, src/index.ts, src/retry.ts, src/files/sanitize.ts, src/number/smartDecimal.ts, src/search/reRankSearchResults.ts, src/search/sublimeSearch.ts, src/sort/sortByProperty.ts, src/string/truncate.ts
[35m@n8n/utils:build: [0mℹ tsconfig: tsconfig.json
[35m@n8n/utils:build: [0mℹ Build start
[35m@n8n/utils:build: [0mℹ Cleaning 58 files
[35m@n8n/utils:build: [0mℹ [CJS] dist/index.cjs                        1.27 kB │ gzip: 0.33 kB
[35m@n8n/utils:build: [0mℹ [CJS] dist/search/sublimeSearch.cjs         0.18 kB │ gzip: 0.10 kB
[35m@n8n/utils:build: [0mℹ [CJS] dist/string/truncate.cjs              0.17 kB │ gzip: 0.09 kB
[35m@n8n/utils:build: [0mℹ [CJS] dist/search/reRankSearchResults.cjs   0.15 kB │ gzip: 0.09 kB
[35m@n8n/utils:build: [0mℹ [CJS] dist/sort/sortByProperty.cjs          0.13 kB │ gzip: 0.08 kB
[35m@n8n/utils:build: [0mℹ [CJS] dist/event-queue.cjs                  0.12 kB │ gzip: 0.09 kB
[35m@n8n/utils:build: [0mℹ [CJS] dist/number/smartDecimal.cjs          0.12 kB │ gzip: 0.08 kB
[35m@n8n/utils:build: [0mℹ [CJS] dist/files/sanitize.cjs               0.12 kB │ gzip: 0.09 kB
[35m@n8n/utils:build: [0mℹ [CJS] dist/event-bus.cjs                    0.11 kB │ gzip: 0.09 kB
[35m@n8n/utils:build: [0mℹ [CJS] dist/assert.cjs                       0.09 kB │ gzip: 0.07 kB
[35m@n8n/utils:build: [0mℹ [CJS] dist/retry.cjs                        0.08 kB │ gzip: 0.07 kB
[35m@n8n/utils:build: [0mℹ [CJS] dist/sublimeSearch.cjs.map           11.66 kB │ gzip: 3.92 kB
[35m@n8n/utils:build: [0mℹ [CJS] dist/sublimeSearch.cjs                5.53 kB │ gzip: 1.80 kB
[35m@n8n/utils:build: [0mℹ [CJS] dist/event-bus2.cjs.map               2.93 kB │ gzip: 0.99 kB
[35m@n8n/utils:build: [0mℹ [CJS] dist/sanitize.cjs.map                 2.91 kB │ gzip: 1.25 kB
[35m@n8n/utils:build: [0mℹ [CJS] dist/retry2.cjs.map                   2.35 kB │ gzip: 1.05 kB
[35m@n8n/utils:build: [0mℹ [CJS] dist/truncate.cjs.map                 2.33 kB │ gzip: 1.00 kB
[35m@n8n/utils:build: [0mℹ [CJS] dist/sanitize.cjs                     1.91 kB │ gzip: 0.90 kB
[35m@n8n/utils:build: [0mℹ [CJS] dist/event-queue2.cjs.map             1.75 kB │ gzip: 0.83 kB
[35m@n8n/utils:build: [0mℹ [CJS] dist/truncate.cjs                     1.54 kB │ gzip: 0.68 kB
[35m@n8n/utils:build: [0mℹ [CJS] dist/retry2.cjs                       1.54 kB │ gzip: 0.71 kB
[35m@n8n/utils:build: [0mℹ [CJS] dist/reRankSearchResults.cjs.map      1.27 kB │ gzip: 0.63 kB
[35m@n8n/utils:build: [0mℹ [CJS] dist/event-bus2.cjs                   1.11 kB │ gzip: 0.52 kB
[35m@n8n/utils:build: [0mℹ [CJS] dist/event-queue2.cjs                 1.10 kB │ gzip: 0.53 kB
[35m@n8n/utils:build: [0mℹ [CJS] dist/sortByProperty.cjs.map           0.67 kB │ gzip: 0.41 kB
[35m@n8n/utils:build: [0mℹ [CJS] dist/reRankSearchResults.cjs          0.65 kB │ gzip: 0.34 kB
[35m@n8n/utils:build: [0mℹ [CJS] dist/smartDecimal.cjs.map             0.63 kB │ gzip: 0.37 kB
[35m@n8n/utils:build: [0mℹ [CJS] dist/sortByProperty.cjs               0.47 kB │ gzip: 0.30 kB
[35m@n8n/utils:build: [0mℹ [CJS] dist/assert2.cjs.map                  0.46 kB │ gzip: 0.33 kB
[35m@n8n/utils:build: [0mℹ [CJS] dist/smartDecimal.cjs                 0.42 kB │ gzip: 0.28 kB
[35m@n8n/utils:build: [0mℹ [CJS] dist/assert2.cjs                      0.32 kB │ gzip: 0.24 kB
[35m@n8n/utils:build: [0mℹ [CJS] 31 files, total: 44.11 kB
[35m@n8n/utils:build: [0mℹ [ESM] dist/index.mjs                          0.78 kB │ gzip: 0.28 kB
[35m@n8n/utils:build: [0mℹ [ESM] dist/search/sublimeSearch.mjs           0.12 kB │ gzip: 0.10 kB
[35m@n8n/utils:build: [0mℹ [ESM] dist/string/truncate.mjs                0.12 kB │ gzip: 0.09 kB
[35m@n8n/utils:build: [0mℹ [ESM] dist/search/reRankSearchResults.mjs     0.10 kB │ gzip: 0.08 kB
[35m@n8n/utils:build: [0mℹ [ESM] dist/event-queue.mjs                    0.09 kB │ gzip: 0.08 kB
[35m@n8n/utils:build: [0mℹ [ESM] dist/sort/sortByProperty.mjs            0.09 kB │ gzip: 0.08 kB
[35m@n8n/utils:build: [0mℹ [ESM] dist/files/sanitize.mjs                 0.09 kB │ gzip: 0.08 kB
[35m@n8n/utils:build: [0mℹ [ESM] dist/event-bus.mjs                      0.08 kB │ gzip: 0.08 kB
[35m@n8n/utils:build: [0mℹ [ESM] dist/number/smartDecimal.mjs            0.08 kB │ gzip: 0.07 kB
[35m@n8n/utils:build: [0mℹ [ESM] dist/assert.mjs                         0.06 kB │ gzip: 0.07 kB
[35m@n8n/utils:build: [0mℹ [ESM] dist/retry.mjs                          0.06 kB │ gzip: 0.07 kB
[35m@n8n/utils:build: [0mℹ [ESM] dist/sublimeSearch.mjs.map             11.66 kB │ gzip: 3.92 kB
[35m@n8n/utils:build: [0mℹ [ESM] dist/sublimeSearch.mjs                  5.33 kB │ gzip: 1.75 kB
[35m@n8n/utils:build: [0mℹ [ESM] dist/event-bus2.mjs.map                 2.93 kB │ gzip: 0.99 kB
[35m@n8n/utils:build: [0mℹ [ESM] dist/sanitize.mjs.map                   2.91 kB │ gzip: 1.25 kB
[35m@n8n/utils:build: [0mℹ [ESM] dist/retry2.mjs.map                     2.35 kB │ gzip: 1.05 kB
[35m@n8n/utils:build: [0mℹ [ESM] dist/truncate.mjs.map                   2.33 kB │ gzip: 1.00 kB
[35m@n8n/utils:build: [0mℹ [ESM] dist/sanitize.mjs                       1.82 kB │ gzip: 0.84 kB
[35m@n8n/utils:build: [0mℹ [ESM] dist/event-queue2.mjs.map               1.75 kB │ gzip: 0.83 kB
[35m@n8n/utils:build: [0mℹ [ESM] dist/retry2.mjs                         1.45 kB │ gzip: 0.67 kB
[35m@n8n/utils:build: [0mℹ [ESM] dist/truncate.mjs                       1.34 kB │ gzip: 0.62 kB
[35m@n8n/utils:build: [0mℹ [ESM] dist/reRankSearchResults.mjs.map        1.27 kB │ gzip: 0.63 kB
[35m@n8n/utils:build: [0mℹ [ESM] dist/event-bus2.mjs                     1.02 kB │ gzip: 0.47 kB
[35m@n8n/utils:build: [0mℹ [ESM] dist/event-queue2.mjs                   1.00 kB │ gzip: 0.48 kB
[35m@n8n/utils:build: [0mℹ [ESM] dist/sortByProperty.mjs.map             0.67 kB │ gzip: 0.41 kB
[35m@n8n/utils:build: [0mℹ [ESM] dist/smartDecimal.mjs.map               0.63 kB │ gzip: 0.37 kB
[35m@n8n/utils:build: [0mℹ [ESM] dist/reRankSearchResults.mjs            0.55 kB │ gzip: 0.30 kB
[35m@n8n/utils:build: [0mℹ [ESM] dist/assert2.mjs.map                    0.46 kB │ gzip: 0.33 kB
[35m@n8n/utils:build: [0mℹ [ESM] dist/sortByProperty.mjs                 0.38 kB │ gzip: 0.25 kB
[35m@n8n/utils:build: [0mℹ [ESM] dist/smartDecimal.mjs                   0.33 kB │ gzip: 0.22 kB
[35m@n8n/utils:build: [0mℹ [ESM] dist/assert2.mjs                        0.24 kB │ gzip: 0.19 kB
[35m@n8n/utils:build: [0mℹ [ESM] dist/index.d.mts                        0.84 kB │ gzip: 0.30 kB
[35m@n8n/utils:build: [0mℹ [ESM] dist/event-bus.d.mts                    0.14 kB │ gzip: 0.11 kB
[35m@n8n/utils:build: [0mℹ [ESM] dist/search/sublimeSearch.d.mts         0.12 kB │ gzip: 0.10 kB
[35m@n8n/utils:build: [0mℹ [ESM] dist/string/truncate.d.mts              0.11 kB │ gzip: 0.09 kB
[35m@n8n/utils:build: [0mℹ [ESM] dist/search/reRankSearchResults.d.mts   0.10 kB │ gzip: 0.08 kB
[35m@n8n/utils:build: [0mℹ [ESM] dist/event-queue.d.mts                  0.09 kB │ gzip: 0.08 kB
[35m@n8n/utils:build: [0mℹ [ESM] dist/sort/sortByProperty.d.mts          0.09 kB │ gzip: 0.08 kB
[35m@n8n/utils:build: [0mℹ [ESM] dist/files/sanitize.d.mts               0.09 kB │ gzip: 0.08 kB
[35m@n8n/utils:build: [0mℹ [ESM] dist/number/smartDecimal.d.mts          0.08 kB │ gzip: 0.07 kB
[35m@n8n/utils:build: [0mℹ [ESM] dist/assert.d.mts                       0.06 kB │ gzip: 0.07 kB
[35m@n8n/utils:build: [0mℹ [ESM] dist/retry.d.mts                        0.06 kB │ gzip: 0.07 kB
[35m@n8n/utils:build: [0mℹ [ESM] dist/event-bus2.d.mts                   0.99 kB │ gzip: 0.35 kB
[35m@n8n/utils:build: [0mℹ [ESM] dist/sublimeSearch.d.mts                0.39 kB │ gzip: 0.25 kB
[35m@n8n/utils:build: [0mℹ [ESM] dist/reRankSearchResults.d.mts          0.37 kB │ gzip: 0.22 kB
[35m@n8n/utils:build: [0mℹ [ESM] dist/retry2.d.mts                       0.28 kB │ gzip: 0.22 kB
[35m@n8n/utils:build: [0mℹ [ESM] dist/truncate.d.mts                     0.28 kB │ gzip: 0.18 kB
[35m@n8n/utils:build: [0mℹ [ESM] dist/event-queue2.d.mts                 0.24 kB │ gzip: 0.18 kB
[35m@n8n/utils:build: [0mℹ [ESM] dist/sortByProperty.d.mts               0.22 kB │ gzip: 0.17 kB
[35m@n8n/utils:build: [0mℹ [ESM] dist/sanitize.d.mts                     0.20 kB │ gzip: 0.16 kB
[35m@n8n/utils:build: [0mℹ [ESM] dist/smartDecimal.d.mts                 0.20 kB │ gzip: 0.15 kB
[35m@n8n/utils:build: [0mℹ [ESM] dist/assert2.d.mts                      0.18 kB │ gzip: 0.15 kB
[35m@n8n/utils:build: [0mℹ [ESM] 52 files, total: 47.21 kB
[35m@n8n/utils:build: [0mℹ [CJS] dist/index.d.cts                       0.84 kB │ gzip: 0.30 kB
[35m@n8n/utils:build: [0mℹ [CJS] dist/event-bus.d.cts                   0.14 kB │ gzip: 0.11 kB
[35m@n8n/utils:build: [0mℹ [CJS] dist/search/sublimeSearch.d.cts        0.12 kB │ gzip: 0.10 kB
[35m@n8n/utils:build: [0mℹ [CJS] dist/string/truncate.d.cts             0.11 kB │ gzip: 0.09 kB
[35m@n8n/utils:build: [0mℹ [CJS] dist/search/reRankSearchResults.d.cts  0.10 kB │ gzip: 0.08 kB
[35m@n8n/utils:build: [0mℹ [CJS] dist/event-queue.d.cts                 0.09 kB │ gzip: 0.08 kB
[35m@n8n/utils:build: [0mℹ [CJS] dist/sort/sortByProperty.d.cts         0.09 kB │ gzip: 0.08 kB
[35m@n8n/utils:build: [0mℹ [CJS] dist/files/sanitize.d.cts              0.09 kB │ gzip: 0.08 kB
[35m@n8n/utils:build: [0mℹ [CJS] dist/number/smartDecimal.d.cts         0.08 kB │ gzip: 0.07 kB
[35m@n8n/utils:build: [0mℹ [CJS] dist/assert.d.cts                      0.06 kB │ gzip: 0.07 kB
[35m@n8n/utils:build: [0mℹ [CJS] dist/retry.d.cts                       0.06 kB │ gzip: 0.07 kB
[35m@n8n/utils:build: [0mℹ [CJS] dist/event-bus2.d.cts                  0.99 kB │ gzip: 0.35 kB
[35m@n8n/utils:build: [0mℹ [CJS] dist/sublimeSearch.d.cts               0.39 kB │ gzip: 0.25 kB
[35m@n8n/utils:build: [0mℹ [CJS] dist/reRankSearchResults.d.cts         0.37 kB │ gzip: 0.22 kB
[35m@n8n/utils:build: [0mℹ [CJS] dist/retry2.d.cts                      0.28 kB │ gzip: 0.22 kB
[35m@n8n/utils:build: [0mℹ [CJS] dist/truncate.d.cts                    0.28 kB │ gzip: 0.18 kB
[35m@n8n/utils:build: [0mℹ [CJS] dist/event-queue2.d.cts                0.24 kB │ gzip: 0.18 kB
[35m@n8n/utils:build: [0mℹ [CJS] dist/sortByProperty.d.cts              0.22 kB │ gzip: 0.17 kB
[35m@n8n/utils:build: [0mℹ [CJS] dist/sanitize.d.cts                    0.20 kB │ gzip: 0.16 kB
[35m@n8n/utils:build: [0mℹ [CJS] dist/smartDecimal.d.cts                0.20 kB │ gzip: 0.15 kB
[35m@n8n/utils:build: [0mℹ [CJS] dist/assert2.d.cts                     0.18 kB │ gzip: 0.15 kB
[35m@n8n/utils:build: [0mℹ [CJS] 21 files, total: 5.14 kB
[35m@n8n/utils:build: [0m✔ Build complete in 13143ms
[32m@n8n/node-cli:build: [0mcache hit, replaying logs [2m8fa05d405986a102[0m
[32m@n8n/node-cli:build: [0m
[32m@n8n/node-cli:build: [0m> @n8n/node-cli@0.17.0 build /home/jan/n8n/packages/@n8n/node-cli
[32m@n8n/node-cli:build: [0m> tsc -p tsconfig.build.json && pnpm copy-templates
[32m@n8n/node-cli:build: [0m
[32m@n8n/node-cli:build: [0m
[32m@n8n/node-cli:build: [0m> @n8n/node-cli@0.17.0 copy-templates /home/jan/n8n/packages/@n8n/node-cli
[32m@n8n/node-cli:build: [0m> node scripts/copy-templates.mjs
[32m@n8n/node-cli:build: [0m
[36m@n8n/design-system:build: [0mcache hit, replaying logs [2mba67d3d23dd30a79[0m
[36m@n8n/design-system:build: [0m
[36m@n8n/design-system:build: [0m> @n8n/design-system@1.109.0 build /home/jan/n8n/packages/frontend/@n8n/design-system
[36m@n8n/design-system:build: [0m> vite build
[36m@n8n/design-system:build: [0m
[36m@n8n/design-system:build: [0mrolldown-vite v7.1.16 building for production...
[36m@n8n/design-system:build: [0mBrowserslist: browsers data (caniuse-lite) is 6 months old. Please run:
[36m@n8n/design-system:build: [0m  npx update-browserslist-db@latest
[36m@n8n/design-system:build: [0m  Why you should do it regularly: https://github.com/browserslist/update-db#readme
[36m@n8n/design-system:build: [0m[2K[36m@n8n/design-system:build: [0mtransforming...[32m✓[39m 2724 modules transformed.
[36m@n8n/design-system:build: [0mrendering chunks...
[36m@n8n/design-system:build: [0mcomputing gzip size...
[36m@n8n/design-system:build: [0m[2mdist/[22m[35mdesign-system.css        [39m[1m[2m  116.80 kB[22m[22m[2m │ gzip:  18.58 kB[22m
[36m@n8n/design-system:build: [0m[2mdist/[22m[36men-BqjV0Zi0.js           [39m[1m[2m    0.08 kB[22m[22m[2m │ gzip:   0.08 kB[22m
[36m@n8n/design-system:build: [0m[2mdist/[22m[36men-Dj21Qf2x.js           [39m[1m[2m    4.83 kB[22m[22m[2m │ gzip:   1.74 kB[22m
[36m@n8n/design-system:build: [0m[2mdist/[22m[36mn8n-design-system.es.js  [39m[1m[33m1,837.89 kB[39m[22m[2m │ gzip: 455.77 kB[22m
[36m@n8n/design-system:build: [0m[2K[36m@n8n/design-system:build: [0mtransforming...[32m✓[39m 2724 modules transformed.
[36m@n8n/design-system:build: [0mrendering chunks...
[36m@n8n/design-system:build: [0mcomputing gzip size...
[36m@n8n/design-system:build: [0m[2mdist/[22m[35mdesign-system.css         [39m[1m[2m  116.80 kB[22m[22m[2m │ gzip:  18.58 kB[22m
[36m@n8n/design-system:build: [0m[2mdist/[22m[36mn8n-design-system.umd.js  [39m[1m[33m1,372.78 kB[39m[22m[2m │ gzip: 397.73 kB[22m
[36m@n8n/design-system:build: [0m✓ built in 48.62s
[36m@n8n/chat:build: [0mcache hit, replaying logs [2m4abaecacb91122b3[0m
[36m@n8n/chat:build: [0m
[36m@n8n/chat:build: [0m> @n8n/chat@0.67.0 build /home/jan/n8n/packages/frontend/@n8n/chat
[36m@n8n/chat:build: [0m> pnpm build:vite && pnpm build:bundle
[36m@n8n/chat:build: [0m
[36m@n8n/chat:build: [0m
[36m@n8n/chat:build: [0m> @n8n/chat@0.67.0 build:vite /home/jan/n8n/packages/frontend/@n8n/chat
[36m@n8n/chat:build: [0m> cross-env vite build
[36m@n8n/chat:build: [0m
[36m@n8n/chat:build: [0mrolldown-vite v7.1.16 building for production...
[36m@n8n/chat:build: [0m[96m../design-system/src/components/DateRangePicker/DateRangePicker.vue[0m:[93m36[0m:[93m7[0m - [91merror[0m[90m TS7022: [0m'slots' implicitly has type 'any' because it does not have a type annotation and is referenced directly or indirectly in its own initializer.
[36m@n8n/chat:build: [0m
[36m@n8n/chat:build: [0m[7m36[0m const slots = useSlots();
[36m@n8n/chat:build: [0m[7m  [0m [91m      ~~~~~[0m
[36m@n8n/chat:build: [0m
[36m@n8n/chat:build: [0m[2K[36m@n8n/chat:build: [0mtransforming...[32m✓[39m 2824 modules transformed.
[36m@n8n/chat:build: [0mrendering chunks...
[36m@n8n/chat:build: [0m[plugin builtin:reporter] 
[36m@n8n/chat:build: [0m(!) /home/jan/n8n/packages/frontend/@n8n/design-system/src/locale/lang/en.ts is dynamically imported by /home/jan/n8n/packages/frontend/@n8n/design-system/src/locale/index.ts but also statically imported by /home/jan/n8n/packages/frontend/@n8n/design-system/src/locale/index.ts, dynamic import will not move module into another chunk.
[36m@n8n/chat:build: [0m
[36m@n8n/chat:build: [0m
[36m@n8n/chat:build: [0m[vite:dts] Start generate declaration files...
[36m@n8n/chat:build: [0m[vite:dts] Declaration files built in 111813ms.
[36m@n8n/chat:build: [0m
[36m@n8n/chat:build: [0mcomputing gzip size...
[36m@n8n/chat:build: [0m[2mdist/[22m[35mchat.css    [39m[1m[2m 63.75 kB[22m[22m[2m │ gzip:   9.83 kB[22m
[36m@n8n/chat:build: [0m[2mdist/[22m[36mchat.es.js  [39m[1m[33m951.74 kB[39m[22m[2m │ gzip: 246.32 kB[22m
[36m@n8n/chat:build: [0m[2K[36m@n8n/chat:build: [0mtransforming...[32m✓[39m 2824 modules transformed.
[36m@n8n/chat:build: [0mrendering chunks...
[36m@n8n/chat:build: [0mcomputing gzip size...
[36m@n8n/chat:build: [0m[2mdist/[22m[35mchat.css     [39m[1m[2m 63.75 kB[22m[22m[2m │ gzip:   9.83 kB[22m
[36m@n8n/chat:build: [0m[2mdist/[22m[36mchat.umd.js  [39m[1m[33m696.91 kB[39m[22m[2m │ gzip: 215.86 kB[22m
[36m@n8n/chat:build: [0m✓ built in 2m 20s
[36m@n8n/chat:build: [0m
[36m@n8n/chat:build: [0m> @n8n/chat@0.67.0 build:bundle /home/jan/n8n/packages/frontend/@n8n/chat
[36m@n8n/chat:build: [0m> cross-env INCLUDE_VUE=true vite build
[36m@n8n/chat:build: [0m
[36m@n8n/chat:build: [0mrolldown-vite v7.1.16 building for production...
[36m@n8n/chat:build: [0m[96m../design-system/src/components/DateRangePicker/DateRangePicker.vue[0m:[93m36[0m:[93m7[0m - [91merror[0m[90m TS7022: [0m'slots' implicitly has type 'any' because it does not have a type annotation and is referenced directly or indirectly in its own initializer.
[36m@n8n/chat:build: [0m
[36m@n8n/chat:build: [0m[7m36[0m const slots = useSlots();
[36m@n8n/chat:build: [0m[7m  [0m [91m      ~~~~~[0m
[36m@n8n/chat:build: [0m
[36m@n8n/chat:build: [0m[2K[36m@n8n/chat:build: [0mtransforming...[32m✓[39m 2827 modules transformed.
[36m@n8n/chat:build: [0mrendering chunks...
[36m@n8n/chat:build: [0m[plugin builtin:reporter] 
[36m@n8n/chat:build: [0m(!) /home/jan/n8n/packages/frontend/@n8n/design-system/src/locale/lang/en.ts is dynamically imported by /home/jan/n8n/packages/frontend/@n8n/design-system/src/locale/index.ts but also statically imported by /home/jan/n8n/packages/frontend/@n8n/design-system/src/locale/index.ts, dynamic import will not move module into another chunk.
[36m@n8n/chat:build: [0m
[36m@n8n/chat:build: [0m
[36m@n8n/chat:build: [0m[vite:dts] Start generate declaration files...
[36m@n8n/chat:build: [0m[vite:dts] Declaration files built in 57079ms.
[36m@n8n/chat:build: [0m
[36m@n8n/chat:build: [0mcomputing gzip size...
[36m@n8n/chat:build: [0m[2mdist/[22m[35mchat.css           [39m[1m[2m   63.75 kB[22m[22m[2m │ gzip:   9.83 kB[22m
[36m@n8n/chat:build: [0m[2mdist/[22m[36mchat.bundle.es.js  [39m[1m[33m1,036.48 kB[39m[22m[2m │ gzip: 274.18 kB[22m
[36m@n8n/chat:build: [0m[2K[36m@n8n/chat:build: [0mtransforming...[32m✓[39m 2827 modules transformed.
[36m@n8n/chat:build: [0mrendering chunks...
[36m@n8n/chat:build: [0mcomputing gzip size...
[36m@n8n/chat:build: [0m[2mdist/[22m[35mchat.css            [39m[1m[2m 63.75 kB[22m[22m[2m │ gzip:   9.83 kB[22m
[36m@n8n/chat:build: [0m[2mdist/[22m[36mchat.bundle.umd.js  [39m[1m[33m701.76 kB[39m[22m[2m │ gzip: 236.56 kB[22m
[36m@n8n/chat:build: [0m✓ built in 1m 29s
[36mn8n-workflow:build: [0mcache hit, replaying logs [2m329bda45725cbe8a[0m
[36mn8n-workflow:build: [0m
[36mn8n-workflow:build: [0m> n8n-workflow@1.119.0 build /home/jan/n8n/packages/workflow
[36mn8n-workflow:build: [0m> tsc --build tsconfig.build.esm.json tsconfig.build.cjs.json
[36mn8n-workflow:build: [0m
[34m@n8n/decorators:build: [0mcache hit, replaying logs [2m0a2dce88c2d73fe1[0m
[34m@n8n/decorators:build: [0m
[34m@n8n/decorators:build: [0m> @n8n/decorators@0.32.0 build /home/jan/n8n/packages/@n8n/decorators
[34m@n8n/decorators:build: [0m> tsc -p tsconfig.build.json
[34m@n8n/decorators:build: [0m
[35m@n8n/stores:build: [0mcache hit, replaying logs [2m9cf94acd97704f40[0m
[35m@n8n/stores:build: [0m
[35m@n8n/stores:build: [0m> @n8n/stores@1.29.0 build /home/jan/n8n/packages/frontend/@n8n/stores
[35m@n8n/stores:build: [0m> tsdown
[35m@n8n/stores:build: [0m
[35m@n8n/stores:build: [0mℹ tsdown v0.16.6 powered by rolldown v1.0.0-beta.51
[35m@n8n/stores:build: [0mℹ Using tsdown config: /home/jan/n8n/packages/frontend/@n8n/stores/tsdown.config.ts
[35m@n8n/stores:build: [0mℹ entry: src/constants.ts, src/index.ts, src/metaTagConfig.ts, src/useAgentRequestStore.ts, src/useRootStore.ts
[35m@n8n/stores:build: [0mℹ tsconfig: tsconfig.json
[35m@n8n/stores:build: [0mℹ Build start
[35m@n8n/stores:build: [0mℹ Cleaning 39 files
[35m@n8n/stores:build: [0mℹ [CJS] dist/useRootStore.cjs              5.68 kB │ gzip: 1.28 kB
[35m@n8n/stores:build: [0mℹ [CJS] dist/useAgentRequestStore.cjs      1.90 kB │ gzip: 0.57 kB
[35m@n8n/stores:build: [0mℹ [CJS] dist/metaTagConfig.cjs             0.23 kB │ gzip: 0.11 kB
[35m@n8n/stores:build: [0mℹ [CJS] dist/constants.cjs                 0.10 kB │ gzip: 0.08 kB
[35m@n8n/stores:build: [0mℹ [CJS] dist/index.cjs                     0.10 kB │ gzip: 0.08 kB
[35m@n8n/stores:build: [0mℹ [CJS] dist/useRootStore.cjs.map          9.94 kB │ gzip: 2.19 kB
[35m@n8n/stores:build: [0mℹ [CJS] dist/useAgentRequestStore.cjs.map  3.72 kB │ gzip: 1.15 kB
[35m@n8n/stores:build: [0mℹ [CJS] dist/constants2.cjs.map            2.10 kB │ gzip: 0.97 kB
[35m@n8n/stores:build: [0mℹ [CJS] dist/metaTagConfig2.cjs.map        1.85 kB │ gzip: 0.76 kB
[35m@n8n/stores:build: [0mℹ [CJS] dist/constants2.cjs                1.55 kB │ gzip: 0.82 kB
[35m@n8n/stores:build: [0mℹ [CJS] dist/metaTagConfig2.cjs            1.34 kB │ gzip: 0.51 kB
[35m@n8n/stores:build: [0mℹ [CJS] 11 files, total: 28.51 kB
[35m@n8n/stores:build: [0m[33m[EMPTY_IMPORT_META] Warning:[0m `import.meta` may not be a valid syntax with the `cjs` output format.
[35m@n8n/stores:build: [0m   [38;5;246m╭[0m[38;5;246m─[0m[38;5;246m[[0m src/useRootStore.ts:8:34 [38;5;246m][0m
[35m@n8n/stores:build: [0m   [38;5;246m│[0m
[35m@n8n/stores:build: [0m [38;5;246m8 │[0m [38;5;249mc[0m[38;5;249mo[0m[38;5;249mn[0m[38;5;249ms[0m[38;5;249mt[0m[38;5;249m [0m[38;5;249m{[0m[38;5;249m [0m[38;5;249mV[0m[38;5;249mU[0m[38;5;249mE[0m[38;5;249m_[0m[38;5;249mA[0m[38;5;249mP[0m[38;5;249mP[0m[38;5;249m_[0m[38;5;249mU[0m[38;5;249mR[0m[38;5;249mL[0m[38;5;249m_[0m[38;5;249mB[0m[38;5;249mA[0m[38;5;249mS[0m[38;5;249mE[0m[38;5;249m_[0m[38;5;249mA[0m[38;5;249mP[0m[38;5;249mI[0m[38;5;249m [0m[38;5;249m}[0m[38;5;249m [0m[38;5;249m=[0m[38;5;249m [0mimport.meta[38;5;249m.[0m[38;5;249me[0m[38;5;249mn[0m[38;5;249mv[0m[38;5;249m;[0m
[35m@n8n/stores:build: [0m [38;5;240m  │[0m                                  ─────┬─────  
[35m@n8n/stores:build: [0m [38;5;240m  │[0m                                       ╰─────── This `import.meta` will be replaced with an empty object (`{}`) automatically. If this is desired, you can suppress this warning by adding `transform.define: { 'import.meta': {} }`. If `import.meta` needs to be kept as-is, you need to set the output format to `esm`.
[35m@n8n/stores:build: [0m[38;5;246m───╯[0m
[35m@n8n/stores:build: [0m
[35m@n8n/stores:build: [0mℹ [ESM] dist/useRootStore.mjs               5.43 kB │ gzip: 1.25 kB
[35m@n8n/stores:build: [0mℹ [ESM] dist/useAgentRequestStore.mjs       1.86 kB │ gzip: 0.55 kB
[35m@n8n/stores:build: [0mℹ [ESM] dist/metaTagConfig.mjs              0.16 kB │ gzip: 0.11 kB
[35m@n8n/stores:build: [0mℹ [ESM] dist/constants.mjs                  0.07 kB │ gzip: 0.08 kB
[35m@n8n/stores:build: [0mℹ [ESM] dist/index.mjs                      0.07 kB │ gzip: 0.08 kB
[35m@n8n/stores:build: [0mℹ [ESM] dist/useRootStore.mjs.map          10.02 kB │ gzip: 2.17 kB
[35m@n8n/stores:build: [0mℹ [ESM] dist/useAgentRequestStore.mjs.map   3.73 kB │ gzip: 1.16 kB
[35m@n8n/stores:build: [0mℹ [ESM] dist/constants2.mjs.map             2.10 kB │ gzip: 0.97 kB
[35m@n8n/stores:build: [0mℹ [ESM] dist/metaTagConfig2.mjs.map         1.85 kB │ gzip: 0.76 kB
[35m@n8n/stores:build: [0mℹ [ESM] dist/constants2.mjs                 1.47 kB │ gzip: 0.76 kB
[35m@n8n/stores:build: [0mℹ [ESM] dist/metaTagConfig2.mjs             1.12 kB │ gzip: 0.46 kB
[35m@n8n/stores:build: [0mℹ [ESM] dist/useRootStore.d.mts             7.48 kB │ gzip: 0.93 kB
[35m@n8n/stores:build: [0mℹ [ESM] dist/useAgentRequestStore.d.mts     2.51 kB │ gzip: 0.50 kB
[35m@n8n/stores:build: [0mℹ [ESM] dist/metaTagConfig.d.mts            0.31 kB │ gzip: 0.17 kB
[35m@n8n/stores:build: [0mℹ [ESM] dist/constants.d.mts                0.07 kB │ gzip: 0.07 kB
[35m@n8n/stores:build: [0mℹ [ESM] dist/index.d.mts                    0.07 kB │ gzip: 0.07 kB
[35m@n8n/stores:build: [0mℹ [ESM] dist/constants2.d.mts               1.93 kB │ gzip: 0.78 kB
[35m@n8n/stores:build: [0mℹ [ESM] 17 files, total: 40.22 kB
[35m@n8n/stores:build: [0mℹ [CJS] dist/useRootStore.d.cts          7.48 kB │ gzip: 0.93 kB
[35m@n8n/stores:build: [0mℹ [CJS] dist/useAgentRequestStore.d.cts  2.51 kB │ gzip: 0.50 kB
[35m@n8n/stores:build: [0mℹ [CJS] dist/metaTagConfig.d.cts         0.31 kB │ gzip: 0.17 kB
[35m@n8n/stores:build: [0mℹ [CJS] dist/constants.d.cts             0.07 kB │ gzip: 0.07 kB
[35m@n8n/stores:build: [0mℹ [CJS] dist/index.d.cts                 0.07 kB │ gzip: 0.07 kB
[35m@n8n/stores:build: [0mℹ [CJS] dist/constants2.d.cts            1.93 kB │ gzip: 0.78 kB
[35m@n8n/stores:build: [0mℹ [CJS] 6 files, total: 12.36 kB
[35m@n8n/stores:build: [0m✔ Build complete in 27712ms
[35m@n8n/i18n:build: [0mcache hit, replaying logs [2m1c1eaaff673777f5[0m
[35m@n8n/i18n:build: [0m
[35m@n8n/i18n:build: [0m> @n8n/i18n@1.26.0 build /home/jan/n8n/packages/frontend/@n8n/i18n
[35m@n8n/i18n:build: [0m> tsdown
[35m@n8n/i18n:build: [0m
[35m@n8n/i18n:build: [0mℹ tsdown v0.16.6 powered by rolldown v1.0.0-beta.51
[35m@n8n/i18n:build: [0mℹ Using tsdown config: /home/jan/n8n/packages/frontend/@n8n/i18n/tsdown.config.ts
[35m@n8n/i18n:build: [0mℹ entry: src/index.ts, src/types.ts, src/utils.ts
[35m@n8n/i18n:build: [0mℹ tsconfig: tsconfig.json
[35m@n8n/i18n:build: [0mℹ Build start
[35m@n8n/i18n:build: [0mℹ Cleaning 20 files
[35m@n8n/i18n:build: [0mℹ [CJS] dist/index.cjs       327.79 kB │ gzip: 74.71 kB
[35m@n8n/i18n:build: [0mℹ [CJS] dist/utils.cjs         0.29 kB │ gzip:  0.15 kB
[35m@n8n/i18n:build: [0mℹ [CJS] dist/types.cjs         0.00 kB │ gzip:  0.02 kB
[35m@n8n/i18n:build: [0mℹ [CJS] dist/index.cjs.map   415.17 kB │ gzip: 85.00 kB
[35m@n8n/i18n:build: [0mℹ [CJS] dist/utils2.cjs.map    3.42 kB │ gzip:  1.35 kB
[35m@n8n/i18n:build: [0mℹ [CJS] dist/utils2.cjs        2.69 kB │ gzip:  1.02 kB
[35m@n8n/i18n:build: [0mℹ [CJS] 6 files, total: 749.37 kB
[35m@n8n/i18n:build: [0mℹ [CJS] dist/index.d.cts   210.49 kB │ gzip: 28.45 kB
[35m@n8n/i18n:build: [0mℹ [CJS] dist/utils.d.cts     0.46 kB │ gzip:  0.25 kB
[35m@n8n/i18n:build: [0mℹ [CJS] dist/types.d.cts     0.20 kB │ gzip:  0.14 kB
[35m@n8n/i18n:build: [0mℹ [CJS] dist/types2.d.cts  199.22 kB │ gzip: 27.42 kB
[35m@n8n/i18n:build: [0mℹ [CJS] 4 files, total: 410.37 kB
[35m@n8n/i18n:build: [0mℹ [ESM] dist/index.mjs       327.39 kB │ gzip: 74.69 kB
[35m@n8n/i18n:build: [0mℹ [ESM] dist/utils.mjs         0.22 kB │ gzip:  0.15 kB
[35m@n8n/i18n:build: [0mℹ [ESM] dist/types.mjs         0.01 kB │ gzip:  0.03 kB
[35m@n8n/i18n:build: [0mℹ [ESM] dist/index.mjs.map   415.08 kB │ gzip: 84.95 kB
[35m@n8n/i18n:build: [0mℹ [ESM] dist/utils2.mjs.map    3.42 kB │ gzip:  1.35 kB
[35m@n8n/i18n:build: [0mℹ [ESM] dist/utils2.mjs        2.27 kB │ gzip:  0.96 kB
[35m@n8n/i18n:build: [0mℹ [ESM] dist/index.d.mts     210.49 kB │ gzip: 28.46 kB
[35m@n8n/i18n:build: [0mℹ [ESM] dist/utils.d.mts       0.46 kB │ gzip:  0.25 kB
[35m@n8n/i18n:build: [0mℹ [ESM] dist/types.d.mts       0.20 kB │ gzip:  0.14 kB
[35m@n8n/i18n:build: [0mℹ [ESM] dist/types2.d.mts    199.22 kB │ gzip: 27.42 kB
[35m@n8n/i18n:build: [0mℹ [ESM] 10 files, total: 1158.75 kB
[35m@n8n/i18n:build: [0m✔ Build complete in 36271ms
[33m@n8n/backend-common:build: [0mcache hit, replaying logs [2m1425bdd27e201956[0m
[33m@n8n/backend-common:build: [0m
[33m@n8n/backend-common:build: [0m> @n8n/backend-common@0.32.0 build /home/jan/n8n/packages/@n8n/backend-common
[33m@n8n/backend-common:build: [0m> tsc -p tsconfig.build.json
[33m@n8n/backend-common:build: [0m
[32m@n8n/api-types:build: [0mcache hit, replaying logs [2m971584f51e683c05[0m
[32m@n8n/api-types:build: [0m
[32m@n8n/api-types:build: [0m> @n8n/api-types@0.56.0 build /home/jan/n8n/packages/@n8n/api-types
[32m@n8n/api-types:build: [0m> tsc -p tsconfig.build.json
[32m@n8n/api-types:build: [0m
[36mn8n-core:build: [0mcache hit, replaying logs [2m7fd61a911f830fc2[0m
[36mn8n-core:build: [0m
[36mn8n-core:build: [0m> n8n-core@1.121.0 build /home/jan/n8n/packages/core
[36mn8n-core:build: [0m> tsc -p tsconfig.build.json && tsc-alias -p tsconfig.build.json
[36mn8n-core:build: [0m
[35m@n8n/ai-workflow-builder:build: [0mcache hit, replaying logs [2mb1898acff3675d6e[0m
[35m@n8n/ai-workflow-builder:build: [0m
[35m@n8n/ai-workflow-builder:build: [0m> @n8n/ai-workflow-builder@0.32.0 build /home/jan/n8n/packages/@n8n/ai-workflow-builder.ee
[35m@n8n/ai-workflow-builder:build: [0m> tsc -p ./tsconfig.build.json && tsc-alias -p tsconfig.build.json
[35m@n8n/ai-workflow-builder:build: [0m
[34m@n8n/task-runner:build: [0mcache hit, replaying logs [2mbedc297bc9821f58[0m
[34m@n8n/task-runner:build: [0m
[34m@n8n/task-runner:build: [0m> @n8n/task-runner@1.58.0 build /home/jan/n8n/packages/@n8n/task-runner
[34m@n8n/task-runner:build: [0m> tsc -p ./tsconfig.build.json && tsc-alias -p tsconfig.build.json
[34m@n8n/task-runner:build: [0m
[32mn8n-node-dev:build: [0mcache hit, replaying logs [2m884ae034252b6c9a[0m
[32mn8n-node-dev:build: [0m
[32mn8n-node-dev:build: [0m> n8n-node-dev@1.120.0 build /home/jan/n8n/packages/node-dev
[32mn8n-node-dev:build: [0m> tsc --noEmit
[32mn8n-node-dev:build: [0m
[34m@n8n/rest-api-client:build: [0mcache hit, replaying logs [2m645baa817fb29f7a[0m
[34m@n8n/rest-api-client:build: [0m
[34m@n8n/rest-api-client:build: [0m> @n8n/rest-api-client@1.25.0 build /home/jan/n8n/packages/frontend/@n8n/rest-api-client
[34m@n8n/rest-api-client:build: [0m> tsdown
[34m@n8n/rest-api-client:build: [0m
[34m@n8n/rest-api-client:build: [0mℹ tsdown v0.16.6 powered by rolldown v1.0.0-beta.51
[34m@n8n/rest-api-client:build: [0mℹ Using tsdown config: /home/jan/n8n/packages/frontend/@n8n/rest-api-client/tsdown.config.ts
[34m@n8n/rest-api-client:build: [0mℹ entry: src/index.ts, src/types.ts, src/utils.ts, src/api/api-keys.ts, src/api/breaking-changes.ts, src/api/cloudPlans.ts, src/api/communityNodes.ts, src/api/consent.ts, src/api/ctas.ts, src/api/dynamic-banners.ts, src/api/eventbus.ee.ts, src/api/events.ts, src/api/execution.ts, src/api/externalSecrets.ee.ts, src/api/index.ts, src/api/ldap.ts, src/api/mfa.ts, src/api/module-settings.ts, src/api/nodeTypes.ts, src/api/npsSurvey.ts, src/api/orchestration.ts, src/api/prompts.ts, src/api/provisioning.ts, src/api/roles.ts, src/api/settings.ts, src/api/sso.ts, src/api/tags.ts, src/api/templates.ts, src/api/third-party-licenses.ts, src/api/ui.ts, src/api/usage.ts, src/api/users.ts, src/api/versions.ts, src/api/webhooks.ts, src/api/workflowHistory.ts, src/api/workflows.ts
[34m@n8n/rest-api-client:build: [0mℹ tsconfig: tsconfig.json
[34m@n8n/rest-api-client:build: [0mℹ Build start
[34m@n8n/rest-api-client:build: [0mℹ Cleaning 365 files
[34m@n8n/rest-api-client:build: [0mℹ [CJS] dist/index.cjs                      9.23 kB │ gzip: 1.81 kB
[34m@n8n/rest-api-client:build: [0mℹ [CJS] dist/api/index.cjs                  8.68 kB │ gzip: 1.68 kB
[34m@n8n/rest-api-client:build: [0mℹ [CJS] dist/api/users.cjs                  1.19 kB │ gzip: 0.32 kB
[34m@n8n/rest-api-client:build: [0mℹ [CJS] dist/api/nodeTypes.cjs              0.86 kB │ gzip: 0.25 kB
[34m@n8n/rest-api-client:build: [0mℹ [CJS] dist/api/breaking-changes.cjs       0.78 kB │ gzip: 0.33 kB
[34m@n8n/rest-api-client:build: [0mℹ [CJS] dist/api/externalSecrets.ee.cjs     0.68 kB │ gzip: 0.18 kB
[34m@n8n/rest-api-client:build: [0mℹ [CJS] dist/utils.cjs                      0.61 kB │ gzip: 0.22 kB
[34m@n8n/rest-api-client:build: [0mℹ [CJS] dist/api/eventbus.ee.cjs            0.56 kB │ gzip: 0.19 kB
[34m@n8n/rest-api-client:build: [0mℹ [CJS] dist/api/sso.cjs                    0.53 kB │ gzip: 0.18 kB
[34m@n8n/rest-api-client:build: [0mℹ [CJS] dist/api/templates.cjs              0.51 kB │ gzip: 0.18 kB
[34m@n8n/rest-api-client:build: [0mℹ [CJS] dist/api/consent.cjs                0.50 kB │ gzip: 0.26 kB
[34m@n8n/rest-api-client:build: [0mℹ [CJS] dist/api/communityNodes.cjs         0.48 kB │ gzip: 0.17 kB
[34m@n8n/rest-api-client:build: [0mℹ [CJS] dist/api/cloudPlans.cjs             0.48 kB │ gzip: 0.18 kB
[34m@n8n/rest-api-client:build: [0mℹ [CJS] dist/api/usage.cjs                  0.37 kB │ gzip: 0.17 kB
[34m@n8n/rest-api-client:build: [0mℹ [CJS] dist/api/ldap.cjs                   0.36 kB │ gzip: 0.16 kB
[34m@n8n/rest-api-client:build: [0mℹ [CJS] dist/api/mfa.cjs                    0.35 kB │ gzip: 0.17 kB
[34m@n8n/rest-api-client:build: [0mℹ [CJS] dist/api/roles.cjs                  0.35 kB │ gzip: 0.15 kB
[34m@n8n/rest-api-client:build: [0mℹ [CJS] dist/api/api-keys.cjs               0.35 kB │ gzip: 0.15 kB
[34m@n8n/rest-api-client:build: [0mℹ [CJS] dist/api/dynamic-banners.cjs        0.30 kB │ gzip: 0.20 kB
[34m@n8n/rest-api-client:build: [0mℹ [CJS] dist/api/provisioning.cjs           0.24 kB │ gzip: 0.12 kB
[34m@n8n/rest-api-client:build: [0mℹ [CJS] dist/api/workflowHistory.cjs        0.24 kB │ gzip: 0.12 kB
[34m@n8n/rest-api-client:build: [0mℹ [CJS] dist/api/versions.cjs               0.20 kB │ gzip: 0.12 kB
[34m@n8n/rest-api-client:build: [0mℹ [CJS] dist/api/prompts.cjs                0.20 kB │ gzip: 0.12 kB
[34m@n8n/rest-api-client:build: [0mℹ [CJS] dist/api/third-party-licenses.cjs   0.19 kB │ gzip: 0.12 kB
[34m@n8n/rest-api-client:build: [0mℹ [CJS] dist/api/module-settings.cjs        0.16 kB │ gzip: 0.11 kB
[34m@n8n/rest-api-client:build: [0mℹ [CJS] dist/api/orchestration.cjs          0.16 kB │ gzip: 0.11 kB
[34m@n8n/rest-api-client:build: [0mℹ [CJS] dist/api/npsSurvey.cjs              0.15 kB │ gzip: 0.10 kB
[34m@n8n/rest-api-client:build: [0mℹ [CJS] dist/api/ui.cjs                     0.14 kB │ gzip: 0.11 kB
[34m@n8n/rest-api-client:build: [0mℹ [CJS] dist/api/ctas.cjs                   0.14 kB │ gzip: 0.10 kB
[34m@n8n/rest-api-client:build: [0mℹ [CJS] dist/api/events.cjs                 0.13 kB │ gzip: 0.10 kB
[34m@n8n/rest-api-client:build: [0mℹ [CJS] dist/api/settings.cjs               0.13 kB │ gzip: 0.09 kB
[34m@n8n/rest-api-client:build: [0mℹ [CJS] dist/api/webhooks.cjs               0.13 kB │ gzip: 0.10 kB
[34m@n8n/rest-api-client:build: [0mℹ [CJS] dist/api/execution.cjs              0.00 kB │ gzip: 0.02 kB
[34m@n8n/rest-api-client:build: [0mℹ [CJS] dist/api/tags.cjs                   0.00 kB │ gzip: 0.02 kB
[34m@n8n/rest-api-client:build: [0mℹ [CJS] dist/api/workflows.cjs              0.00 kB │ gzip: 0.02 kB
[34m@n8n/rest-api-client:build: [0mℹ [CJS] dist/types.cjs                      0.00 kB │ gzip: 0.02 kB
[34m@n8n/rest-api-client:build: [0mℹ [CJS] dist/utils2.cjs.map                12.51 kB │ gzip: 4.12 kB
[34m@n8n/rest-api-client:build: [0mℹ [CJS] dist/utils2.cjs                     8.68 kB │ gzip: 2.81 kB
[34m@n8n/rest-api-client:build: [0mℹ [CJS] dist/users.cjs.map                  8.64 kB │ gzip: 1.84 kB
[34m@n8n/rest-api-client:build: [0mℹ [CJS] dist/templates.cjs.map              6.30 kB │ gzip: 1.70 kB
[34m@n8n/rest-api-client:build: [0mℹ [CJS] dist/users.cjs                      5.39 kB │ gzip: 0.86 kB
[34m@n8n/rest-api-client:build: [0mℹ [CJS] dist/nodeTypes.cjs.map              4.67 kB │ gzip: 1.32 kB
[34m@n8n/rest-api-client:build: [0mℹ [CJS] dist/nodeTypes.cjs                  3.77 kB │ gzip: 0.84 kB
[34m@n8n/rest-api-client:build: [0mℹ [CJS] dist/sso.cjs.map                    2.84 kB │ gzip: 0.77 kB
[34m@n8n/rest-api-client:build: [0mℹ [CJS] dist/cloudPlans.cjs.map             2.79 kB │ gzip: 1.01 kB
[34m@n8n/rest-api-client:build: [0mℹ [CJS] dist/externalSecrets.ee.cjs.map     2.64 kB │ gzip: 0.70 kB
[34m@n8n/rest-api-client:build: [0mℹ [CJS] dist/ldap.cjs.map                   2.63 kB │ gzip: 0.90 kB
[34m@n8n/rest-api-client:build: [0mℹ [CJS] dist/sso.cjs                        2.52 kB │ gzip: 0.49 kB
[34m@n8n/rest-api-client:build: [0mℹ [CJS] dist/templates.cjs                  2.50 kB │ gzip: 0.59 kB
[34m@n8n/rest-api-client:build: [0mℹ [CJS] dist/eventbus.ee.cjs.map            2.33 kB │ gzip: 0.79 kB
[34m@n8n/rest-api-client:build: [0mℹ [CJS] dist/externalSecrets.ee.cjs         2.31 kB │ gzip: 0.45 kB
[34m@n8n/rest-api-client:build: [0mℹ [CJS] dist/communityNodes.cjs.map         2.11 kB │ gzip: 0.82 kB
[34m@n8n/rest-api-client:build: [0mℹ [CJS] dist/versions.cjs.map               2.05 kB │ gzip: 0.78 kB
[34m@n8n/rest-api-client:build: [0mℹ [CJS] dist/eventbus.ee.cjs                1.94 kB │ gzip: 0.50 kB
[34m@n8n/rest-api-client:build: [0mℹ [CJS] dist/mfa.cjs.map                    1.88 kB │ gzip: 0.61 kB
[34m@n8n/rest-api-client:build: [0mℹ [CJS] dist/usage.cjs.map                  1.80 kB │ gzip: 0.64 kB
[34m@n8n/rest-api-client:build: [0mℹ [CJS] dist/communityNodes.cjs             1.76 kB │ gzip: 0.57 kB
[34m@n8n/rest-api-client:build: [0mℹ [CJS] dist/roles.cjs.map                  1.76 kB │ gzip: 0.60 kB
[34m@n8n/rest-api-client:build: [0mℹ [CJS] dist/api-keys.cjs.map               1.75 kB │ gzip: 0.58 kB
[34m@n8n/rest-api-client:build: [0mℹ [CJS] dist/cloudPlans.cjs                 1.69 kB │ gzip: 0.43 kB
[34m@n8n/rest-api-client:build: [0mℹ [CJS] dist/mfa.cjs                        1.63 kB │ gzip: 0.41 kB
[34m@n8n/rest-api-client:build: [0mℹ [CJS] dist/workflowHistory.cjs.map        1.62 kB │ gzip: 0.62 kB
[34m@n8n/rest-api-client:build: [0mℹ [CJS] dist/api/breaking-changes.cjs.map   1.56 kB │ gzip: 0.62 kB
[34m@n8n/rest-api-client:build: [0mℹ [CJS] dist/usage.cjs                      1.52 kB │ gzip: 0.42 kB
[34m@n8n/rest-api-client:build: [0mℹ [CJS] dist/roles.cjs                      1.49 kB │ gzip: 0.41 kB
[34m@n8n/rest-api-client:build: [0mℹ [CJS] dist/ldap.cjs                       1.47 kB │ gzip: 0.40 kB
[34m@n8n/rest-api-client:build: [0mℹ [CJS] dist/api-keys.cjs                   1.41 kB │ gzip: 0.39 kB
[34m@n8n/rest-api-client:build: [0mℹ [CJS] dist/prompts.cjs.map                1.16 kB │ gzip: 0.53 kB
[34m@n8n/rest-api-client:build: [0mℹ [CJS] dist/provisioning.cjs.map           1.08 kB │ gzip: 0.46 kB
[34m@n8n/rest-api-client:build: [0mℹ [CJS] dist/api/consent.cjs.map            0.96 kB │ gzip: 0.45 kB
[34m@n8n/rest-api-client:build: [0mℹ [CJS] dist/api/dynamic-banners.cjs.map    0.94 kB │ gzip: 0.51 kB
[34m@n8n/rest-api-client:build: [0mℹ [CJS] dist/versions.cjs                   0.88 kB │ gzip: 0.37 kB
[34m@n8n/rest-api-client:build: [0mℹ [CJS] dist/prompts.cjs                    0.85 kB │ gzip: 0.37 kB
[34m@n8n/rest-api-client:build: [0mℹ [CJS] dist/workflowHistory.cjs            0.83 kB │ gzip: 0.34 kB
[34m@n8n/rest-api-client:build: [0mℹ [CJS] dist/provisioning.cjs               0.73 kB │ gzip: 0.32 kB
[34m@n8n/rest-api-client:build: [0mℹ [CJS] dist/webhooks.cjs.map               0.73 kB │ gzip: 0.42 kB
[34m@n8n/rest-api-client:build: [0mℹ [CJS] dist/ui.cjs.map                     0.66 kB │ gzip: 0.40 kB
[34m@n8n/rest-api-client:build: [0mℹ [CJS] dist/module-settings.cjs.map        0.56 kB │ gzip: 0.32 kB
[34m@n8n/rest-api-client:build: [0mℹ [CJS] dist/orchestration.cjs.map          0.56 kB │ gzip: 0.35 kB
[34m@n8n/rest-api-client:build: [0mℹ [CJS] dist/third-party-licenses.cjs.map   0.55 kB │ gzip: 0.35 kB
[34m@n8n/rest-api-client:build: [0mℹ [CJS] dist/npsSurvey.cjs.map              0.55 kB │ gzip: 0.33 kB
[34m@n8n/rest-api-client:build: [0mℹ [CJS] dist/settings.cjs.map               0.52 kB │ gzip: 0.31 kB
[34m@n8n/rest-api-client:build: [0mℹ [CJS] dist/third-party-licenses.cjs       0.47 kB │ gzip: 0.29 kB
[34m@n8n/rest-api-client:build: [0mℹ [CJS] dist/orchestration.cjs              0.47 kB │ gzip: 0.30 kB
[34m@n8n/rest-api-client:build: [0mℹ [CJS] dist/events.cjs.map                 0.46 kB │ gzip: 0.30 kB
[34m@n8n/rest-api-client:build: [0mℹ [CJS] dist/ctas.cjs.map                   0.45 kB │ gzip: 0.31 kB
[34m@n8n/rest-api-client:build: [0mℹ [CJS] dist/ui.cjs                         0.44 kB │ gzip: 0.29 kB
[34m@n8n/rest-api-client:build: [0mℹ [CJS] dist/npsSurvey.cjs                  0.42 kB │ gzip: 0.28 kB
[34m@n8n/rest-api-client:build: [0mℹ [CJS] dist/module-settings.cjs            0.41 kB │ gzip: 0.27 kB
[34m@n8n/rest-api-client:build: [0mℹ [CJS] dist/webhooks.cjs                   0.39 kB │ gzip: 0.27 kB
[34m@n8n/rest-api-client:build: [0mℹ [CJS] dist/events.cjs                     0.39 kB │ gzip: 0.27 kB
[34m@n8n/rest-api-client:build: [0mℹ [CJS] dist/ctas.cjs                       0.38 kB │ gzip: 0.26 kB
[34m@n8n/rest-api-client:build: [0mℹ [CJS] dist/settings.cjs                   0.37 kB │ gzip: 0.26 kB
[34m@n8n/rest-api-client:build: [0mℹ [CJS] dist/api.cjs                        0.00 kB │ gzip: 0.02 kB
[34m@n8n/rest-api-client:build: [0mℹ [CJS] 94 files, total: 143.56 kB
[34m@n8n/rest-api-client:build: [0m[33m[EMPTY_IMPORT_META] Warning:[0m `import.meta` may not be a valid syntax with the `cjs` output format.
[34m@n8n/rest-api-client:build: [0m     [38;5;246m╭[0m[38;5;246m─[0m[38;5;246m[[0m src/utils.ts:112:3 [38;5;246m][0m
[34m@n8n/rest-api-client:build: [0m     [38;5;246m│[0m
[34m@n8n/rest-api-client:build: [0m [38;5;246m112 │[0m [38;5;249m [0m[38;5;249m [0m[38;5;249m [0m[38;5;249m [0m[38;5;249m [0m[38;5;249m [0m[38;5;249m [0mimport.meta[38;5;249m.[0m[38;5;249me[0m[38;5;249mn[0m[38;5;249mv[0m[38;5;249m.[0m[38;5;249mN[0m[38;5;249mO[0m[38;5;249mD[0m[38;5;249mE[0m[38;5;249m_[0m[38;5;249mE[0m[38;5;249mN[0m[38;5;249mV[0m[38;5;249m [0m[38;5;249m![0m[38;5;249m=[0m[38;5;249m=[0m[38;5;249m [0m[38;5;249m'[0m[38;5;249mp[0m[38;5;249mr[0m[38;5;249mo[0m[38;5;249md[0m[38;5;249mu[0m[38;5;249mc[0m[38;5;249mt[0m[38;5;249mi[0m[38;5;249mo[0m[38;5;249mn[0m[38;5;249m'[0m[38;5;249m [0m[38;5;249m&[0m[38;5;249m&[0m
[34m@n8n/rest-api-client:build: [0m [38;5;240m    │[0m        ─────┬─────  
[34m@n8n/rest-api-client:build: [0m [38;5;240m    │[0m             ╰─────── This `import.meta` will be replaced with an empty object (`{}`) automatically. If this is desired, you can suppress this warning by adding `transform.define: { 'import.meta': {} }`. If `import.meta` needs to be kept as-is, you need to set the output format to `esm`.
[34m@n8n/rest-api-client:build: [0m[38;5;246m─────╯[0m
[34m@n8n/rest-api-client:build: [0m
[34m@n8n/rest-api-client:build: [0mℹ [ESM] dist/index.mjs                        6.16 kB │ gzip: 1.71 kB
[34m@n8n/rest-api-client:build: [0mℹ [ESM] dist/api/index.mjs                    5.82 kB │ gzip: 1.56 kB
[34m@n8n/rest-api-client:build: [0mℹ [ESM] dist/api/users.mjs                    0.84 kB │ gzip: 0.33 kB
[34m@n8n/rest-api-client:build: [0mℹ [ESM] dist/api/breaking-changes.mjs         0.69 kB │ gzip: 0.32 kB
[34m@n8n/rest-api-client:build: [0mℹ [ESM] dist/api/nodeTypes.mjs                0.63 kB │ gzip: 0.24 kB
[34m@n8n/rest-api-client:build: [0mℹ [ESM] dist/api/externalSecrets.ee.mjs       0.44 kB │ gzip: 0.18 kB
[34m@n8n/rest-api-client:build: [0mℹ [ESM] dist/api/consent.mjs                  0.44 kB │ gzip: 0.24 kB
[34m@n8n/rest-api-client:build: [0mℹ [ESM] dist/utils.mjs                        0.41 kB │ gzip: 0.23 kB
[34m@n8n/rest-api-client:build: [0mℹ [ESM] dist/api/eventbus.ee.mjs              0.40 kB │ gzip: 0.19 kB
[34m@n8n/rest-api-client:build: [0mℹ [ESM] dist/api/sso.mjs                      0.38 kB │ gzip: 0.18 kB
[34m@n8n/rest-api-client:build: [0mℹ [ESM] dist/api/templates.mjs                0.35 kB │ gzip: 0.17 kB
[34m@n8n/rest-api-client:build: [0mℹ [ESM] dist/api/communityNodes.mjs           0.33 kB │ gzip: 0.17 kB
[34m@n8n/rest-api-client:build: [0mℹ [ESM] dist/api/cloudPlans.mjs               0.33 kB │ gzip: 0.18 kB
[34m@n8n/rest-api-client:build: [0mℹ [ESM] dist/api/usage.mjs                    0.28 kB │ gzip: 0.16 kB
[34m@n8n/rest-api-client:build: [0mℹ [ESM] dist/api/ldap.mjs                     0.27 kB │ gzip: 0.16 kB
[34m@n8n/rest-api-client:build: [0mℹ [ESM] dist/api/dynamic-banners.mjs          0.27 kB │ gzip: 0.19 kB
[34m@n8n/rest-api-client:build: [0mℹ [ESM] dist/api/roles.mjs                    0.26 kB │ gzip: 0.15 kB
[34m@n8n/rest-api-client:build: [0mℹ [ESM] dist/api/mfa.mjs                      0.25 kB │ gzip: 0.16 kB
[34m@n8n/rest-api-client:build: [0mℹ [ESM] dist/api/api-keys.mjs                 0.24 kB │ gzip: 0.14 kB
[34m@n8n/rest-api-client:build: [0mℹ [ESM] dist/api/provisioning.mjs             0.18 kB │ gzip: 0.11 kB
[34m@n8n/rest-api-client:build: [0mℹ [ESM] dist/api/workflowHistory.mjs          0.17 kB │ gzip: 0.11 kB
[34m@n8n/rest-api-client:build: [0mℹ [ESM] dist/api/versions.mjs                 0.15 kB │ gzip: 0.12 kB
[34m@n8n/rest-api-client:build: [0mℹ [ESM] dist/api/prompts.mjs                  0.15 kB │ gzip: 0.12 kB
[34m@n8n/rest-api-client:build: [0mℹ [ESM] dist/api/third-party-licenses.mjs     0.13 kB │ gzip: 0.10 kB
[34m@n8n/rest-api-client:build: [0mℹ [ESM] dist/api/orchestration.mjs            0.12 kB │ gzip: 0.10 kB
[34m@n8n/rest-api-client:build: [0mℹ [ESM] dist/api/ui.mjs                       0.12 kB │ gzip: 0.10 kB
[34m@n8n/rest-api-client:build: [0mℹ [ESM] dist/api/module-settings.mjs          0.12 kB │ gzip: 0.10 kB
[34m@n8n/rest-api-client:build: [0mℹ [ESM] dist/api/npsSurvey.mjs                0.12 kB │ gzip: 0.10 kB
[34m@n8n/rest-api-client:build: [0mℹ [ESM] dist/api/ctas.mjs                     0.11 kB │ gzip: 0.10 kB
[34m@n8n/rest-api-client:build: [0mℹ [ESM] dist/api/events.mjs                   0.10 kB │ gzip: 0.09 kB
[34m@n8n/rest-api-client:build: [0mℹ [ESM] dist/api/settings.mjs                 0.10 kB │ gzip: 0.09 kB
[34m@n8n/rest-api-client:build: [0mℹ [ESM] dist/api/webhooks.mjs                 0.10 kB │ gzip: 0.09 kB
[34m@n8n/rest-api-client:build: [0mℹ [ESM] dist/api/execution.mjs                0.01 kB │ gzip: 0.03 kB
[34m@n8n/rest-api-client:build: [0mℹ [ESM] dist/api/tags.mjs                     0.01 kB │ gzip: 0.03 kB
[34m@n8n/rest-api-client:build: [0mℹ [ESM] dist/api/workflows.mjs                0.01 kB │ gzip: 0.03 kB
[34m@n8n/rest-api-client:build: [0mℹ [ESM] dist/types.mjs                        0.01 kB │ gzip: 0.03 kB
[34m@n8n/rest-api-client:build: [0mℹ [ESM] dist/utils2.mjs.map                  12.45 kB │ gzip: 4.10 kB
[34m@n8n/rest-api-client:build: [0mℹ [ESM] dist/users.mjs.map                    8.60 kB │ gzip: 1.83 kB
[34m@n8n/rest-api-client:build: [0mℹ [ESM] dist/utils2.mjs                       6.31 kB │ gzip: 2.30 kB
[34m@n8n/rest-api-client:build: [0mℹ [ESM] dist/templates.mjs.map                6.28 kB │ gzip: 1.70 kB
[34m@n8n/rest-api-client:build: [0mℹ [ESM] dist/nodeTypes.mjs.map                4.64 kB │ gzip: 1.31 kB
[34m@n8n/rest-api-client:build: [0mℹ [ESM] dist/users.mjs                        3.10 kB │ gzip: 0.74 kB
[34m@n8n/rest-api-client:build: [0mℹ [ESM] dist/sso.mjs.map                      2.81 kB │ gzip: 0.76 kB
[34m@n8n/rest-api-client:build: [0mℹ [ESM] dist/cloudPlans.mjs.map               2.77 kB │ gzip: 1.00 kB
[34m@n8n/rest-api-client:build: [0mℹ [ESM] dist/externalSecrets.ee.mjs.map       2.61 kB │ gzip: 0.70 kB
[34m@n8n/rest-api-client:build: [0mℹ [ESM] dist/ldap.mjs.map                     2.61 kB │ gzip: 0.89 kB
[34m@n8n/rest-api-client:build: [0mℹ [ESM] dist/nodeTypes.mjs                    2.44 kB │ gzip: 0.73 kB
[34m@n8n/rest-api-client:build: [0mℹ [ESM] dist/eventbus.ee.mjs.map              2.31 kB │ gzip: 0.79 kB
[34m@n8n/rest-api-client:build: [0mℹ [ESM] dist/communityNodes.mjs.map           2.04 kB │ gzip: 0.80 kB
[34m@n8n/rest-api-client:build: [0mℹ [ESM] dist/versions.mjs.map                 1.99 kB │ gzip: 0.76 kB
[34m@n8n/rest-api-client:build: [0mℹ [ESM] dist/mfa.mjs.map                      1.85 kB │ gzip: 0.61 kB
[34m@n8n/rest-api-client:build: [0mℹ [ESM] dist/usage.mjs.map                    1.77 kB │ gzip: 0.63 kB
[34m@n8n/rest-api-client:build: [0mℹ [ESM] dist/roles.mjs.map                    1.73 kB │ gzip: 0.60 kB
[34m@n8n/rest-api-client:build: [0mℹ [ESM] dist/api-keys.mjs.map                 1.73 kB │ gzip: 0.58 kB
[34m@n8n/rest-api-client:build: [0mℹ [ESM] dist/templates.mjs                    1.66 kB │ gzip: 0.51 kB
[34m@n8n/rest-api-client:build: [0mℹ [ESM] dist/workflowHistory.mjs.map          1.61 kB │ gzip: 0.61 kB
[34m@n8n/rest-api-client:build: [0mℹ [ESM] dist/api/breaking-changes.mjs.map     1.53 kB │ gzip: 0.60 kB
[34m@n8n/rest-api-client:build: [0mℹ [ESM] dist/sso.mjs                          1.46 kB │ gzip: 0.39 kB
[34m@n8n/rest-api-client:build: [0mℹ [ESM] dist/externalSecrets.ee.mjs           1.44 kB │ gzip: 0.37 kB
[34m@n8n/rest-api-client:build: [0mℹ [ESM] dist/eventbus.ee.mjs                  1.20 kB │ gzip: 0.42 kB
[34m@n8n/rest-api-client:build: [0mℹ [ESM] dist/communityNodes.mjs               1.17 kB │ gzip: 0.50 kB
[34m@n8n/rest-api-client:build: [0mℹ [ESM] dist/prompts.mjs.map                  1.13 kB │ gzip: 0.51 kB
[34m@n8n/rest-api-client:build: [0mℹ [ESM] dist/provisioning.mjs.map             1.05 kB │ gzip: 0.46 kB
[34m@n8n/rest-api-client:build: [0mℹ [ESM] dist/cloudPlans.mjs                   0.97 kB │ gzip: 0.36 kB
[34m@n8n/rest-api-client:build: [0mℹ [ESM] dist/mfa.mjs                          0.95 kB │ gzip: 0.33 kB
[34m@n8n/rest-api-client:build: [0mℹ [ESM] dist/api/consent.mjs.map              0.94 kB │ gzip: 0.45 kB
[34m@n8n/rest-api-client:build: [0mℹ [ESM] dist/api/dynamic-banners.mjs.map      0.94 kB │ gzip: 0.50 kB
[34m@n8n/rest-api-client:build: [0mℹ [ESM] dist/usage.mjs                        0.92 kB │ gzip: 0.34 kB
[34m@n8n/rest-api-client:build: [0mℹ [ESM] dist/roles.mjs                        0.90 kB │ gzip: 0.34 kB
[34m@n8n/rest-api-client:build: [0mℹ [ESM] dist/ldap.mjs                         0.88 kB │ gzip: 0.33 kB
[34m@n8n/rest-api-client:build: [0mℹ [ESM] dist/api-keys.mjs                     0.83 kB │ gzip: 0.31 kB
[34m@n8n/rest-api-client:build: [0mℹ [ESM] dist/webhooks.mjs.map                 0.71 kB │ gzip: 0.41 kB
[34m@n8n/rest-api-client:build: [0mℹ [ESM] dist/ui.mjs.map                       0.64 kB │ gzip: 0.40 kB
[34m@n8n/rest-api-client:build: [0mℹ [ESM] dist/versions.mjs                     0.62 kB │ gzip: 0.30 kB
[34m@n8n/rest-api-client:build: [0mℹ [ESM] dist/prompts.mjs                      0.59 kB │ gzip: 0.30 kB
[34m@n8n/rest-api-client:build: [0mℹ [ESM] dist/workflowHistory.mjs              0.59 kB │ gzip: 0.28 kB
[34m@n8n/rest-api-client:build: [0mℹ [ESM] dist/third-party-licenses.mjs.map     0.54 kB │ gzip: 0.35 kB
[34m@n8n/rest-api-client:build: [0mℹ [ESM] dist/module-settings.mjs.map          0.54 kB │ gzip: 0.32 kB
[34m@n8n/rest-api-client:build: [0mℹ [ESM] dist/orchestration.mjs.map            0.54 kB │ gzip: 0.35 kB
[34m@n8n/rest-api-client:build: [0mℹ [ESM] dist/npsSurvey.mjs.map                0.53 kB │ gzip: 0.33 kB
[34m@n8n/rest-api-client:build: [0mℹ [ESM] dist/settings.mjs.map                 0.50 kB │ gzip: 0.31 kB
[34m@n8n/rest-api-client:build: [0mℹ [ESM] dist/provisioning.mjs                 0.50 kB │ gzip: 0.25 kB
[34m@n8n/rest-api-client:build: [0mℹ [ESM] dist/ctas.mjs.map                     0.45 kB │ gzip: 0.31 kB
[34m@n8n/rest-api-client:build: [0mℹ [ESM] dist/events.mjs.map                   0.44 kB │ gzip: 0.30 kB
[34m@n8n/rest-api-client:build: [0mℹ [ESM] dist/orchestration.mjs                0.36 kB │ gzip: 0.24 kB
[34m@n8n/rest-api-client:build: [0mℹ [ESM] dist/third-party-licenses.mjs         0.35 kB │ gzip: 0.24 kB
[34m@n8n/rest-api-client:build: [0mℹ [ESM] dist/ui.mjs                           0.33 kB │ gzip: 0.23 kB
[34m@n8n/rest-api-client:build: [0mℹ [ESM] dist/npsSurvey.mjs                    0.32 kB │ gzip: 0.22 kB
[34m@n8n/rest-api-client:build: [0mℹ [ESM] dist/module-settings.mjs              0.30 kB │ gzip: 0.20 kB
[34m@n8n/rest-api-client:build: [0mℹ [ESM] dist/webhooks.mjs                     0.29 kB │ gzip: 0.21 kB
[34m@n8n/rest-api-client:build: [0mℹ [ESM] dist/events.mjs                       0.29 kB │ gzip: 0.21 kB
[34m@n8n/rest-api-client:build: [0mℹ [ESM] dist/settings.mjs                     0.27 kB │ gzip: 0.20 kB
[34m@n8n/rest-api-client:build: [0mℹ [ESM] dist/ctas.mjs                         0.26 kB │ gzip: 0.20 kB
[34m@n8n/rest-api-client:build: [0mℹ [ESM] dist/api.mjs                          0.01 kB │ gzip: 0.03 kB
[34m@n8n/rest-api-client:build: [0mℹ [ESM] dist/index.d.mts                      8.58 kB │ gzip: 2.24 kB
[34m@n8n/rest-api-client:build: [0mℹ [ESM] dist/api/index.d.mts                  8.17 kB │ gzip: 2.08 kB
[34m@n8n/rest-api-client:build: [0mℹ [ESM] dist/api/users.d.mts                  1.35 kB │ gzip: 0.43 kB
[34m@n8n/rest-api-client:build: [0mℹ [ESM] dist/api/templates.d.mts              1.12 kB │ gzip: 0.33 kB
[34m@n8n/rest-api-client:build: [0mℹ [ESM] dist/api/breaking-changes.d.mts       0.77 kB │ gzip: 0.32 kB
[34m@n8n/rest-api-client:build: [0mℹ [ESM] dist/api/dynamic-banners.d.mts        0.75 kB │ gzip: 0.40 kB
[34m@n8n/rest-api-client:build: [0mℹ [ESM] dist/api/nodeTypes.d.mts              0.63 kB │ gzip: 0.24 kB
[34m@n8n/rest-api-client:build: [0mℹ [ESM] dist/api/consent.d.mts                0.57 kB │ gzip: 0.28 kB
[34m@n8n/rest-api-client:build: [0mℹ [ESM] dist/api/eventbus.ee.d.mts            0.48 kB │ gzip: 0.21 kB
[34m@n8n/rest-api-client:build: [0mℹ [ESM] dist/api/sso.d.mts                    0.45 kB │ gzip: 0.20 kB
[34m@n8n/rest-api-client:build: [0mℹ [ESM] dist/api/externalSecrets.ee.d.mts     0.44 kB │ gzip: 0.18 kB
[34m@n8n/rest-api-client:build: [0mℹ [ESM] dist/utils.d.mts                      0.43 kB │ gzip: 0.23 kB
[34m@n8n/rest-api-client:build: [0mℹ [ESM] dist/api/cloudPlans.d.mts             0.43 kB │ gzip: 0.22 kB
[34m@n8n/rest-api-client:build: [0mℹ [ESM] dist/api/workflowHistory.d.mts        0.41 kB │ gzip: 0.17 kB
[34m@n8n/rest-api-client:build: [0mℹ [ESM] dist/api/ldap.d.mts                   0.37 kB │ gzip: 0.18 kB
[34m@n8n/rest-api-client:build: [0mℹ [ESM] dist/api/communityNodes.d.mts         0.33 kB │ gzip: 0.17 kB
[34m@n8n/rest-api-client:build: [0mℹ [ESM] dist/api/mfa.d.mts                    0.29 kB │ gzip: 0.17 kB
[34m@n8n/rest-api-client:build: [0mℹ [ESM] dist/api/usage.d.mts                  0.28 kB │ gzip: 0.16 kB
[34m@n8n/rest-api-client:build: [0mℹ [ESM] dist/api/versions.d.mts               0.26 kB │ gzip: 0.14 kB
[34m@n8n/rest-api-client:build: [0mℹ [ESM] dist/api/roles.d.mts                  0.25 kB │ gzip: 0.14 kB
[34m@n8n/rest-api-client:build: [0mℹ [ESM] dist/api/api-keys.d.mts               0.23 kB │ gzip: 0.14 kB
[34m@n8n/rest-api-client:build: [0mℹ [ESM] dist/api/workflows.d.mts              0.23 kB │ gzip: 0.13 kB
[34m@n8n/rest-api-client:build: [0mℹ [ESM] dist/api/provisioning.d.mts           0.22 kB │ gzip: 0.12 kB
[34m@n8n/rest-api-client:build: [0mℹ [ESM] dist/api/prompts.d.mts                0.20 kB │ gzip: 0.13 kB
[34m@n8n/rest-api-client:build: [0mℹ [ESM] dist/api/third-party-licenses.d.mts   0.13 kB │ gzip: 0.10 kB
[34m@n8n/rest-api-client:build: [0mℹ [ESM] dist/api/orchestration.d.mts          0.12 kB │ gzip: 0.10 kB
[34m@n8n/rest-api-client:build: [0mℹ [ESM] dist/api/ui.d.mts                     0.12 kB │ gzip: 0.10 kB
[34m@n8n/rest-api-client:build: [0mℹ [ESM] dist/api/module-settings.d.mts        0.12 kB │ gzip: 0.10 kB
[34m@n8n/rest-api-client:build: [0mℹ [ESM] dist/api/npsSurvey.d.mts              0.12 kB │ gzip: 0.10 kB
[34m@n8n/rest-api-client:build: [0mℹ [ESM] dist/api/ctas.d.mts                   0.11 kB │ gzip: 0.10 kB
[34m@n8n/rest-api-client:build: [0mℹ [ESM] dist/api/events.d.mts                 0.10 kB │ gzip: 0.09 kB
[34m@n8n/rest-api-client:build: [0mℹ [ESM] dist/api/settings.d.mts               0.10 kB │ gzip: 0.09 kB
[34m@n8n/rest-api-client:build: [0mℹ [ESM] dist/api/webhooks.d.mts               0.10 kB │ gzip: 0.09 kB
[34m@n8n/rest-api-client:build: [0mℹ [ESM] dist/types.d.mts                      0.08 kB │ gzip: 0.08 kB
[34m@n8n/rest-api-client:build: [0mℹ [ESM] dist/api/tags.d.mts                   0.06 kB │ gzip: 0.07 kB
[34m@n8n/rest-api-client:build: [0mℹ [ESM] dist/api/execution.d.mts              0.01 kB │ gzip: 0.03 kB
[34m@n8n/rest-api-client:build: [0mℹ [ESM] dist/users.d.mts                      5.50 kB │ gzip: 1.25 kB
[34m@n8n/rest-api-client:build: [0mℹ [ESM] dist/templates.d.mts                  4.26 kB │ gzip: 1.08 kB
[34m@n8n/rest-api-client:build: [0mℹ [ESM] dist/utils2.d.mts                     2.20 kB │ gzip: 0.79 kB
[34m@n8n/rest-api-client:build: [0mℹ [ESM] dist/nodeTypes.d.mts                  2.05 kB │ gzip: 0.58 kB
[34m@n8n/rest-api-client:build: [0mℹ [ESM] dist/cloudPlans.d.mts                 1.94 kB │ gzip: 0.76 kB
[34m@n8n/rest-api-client:build: [0mℹ [ESM] dist/ldap.d.mts                       1.75 kB │ gzip: 0.62 kB
[34m@n8n/rest-api-client:build: [0mℹ [ESM] dist/sso.d.mts                        1.38 kB │ gzip: 0.45 kB
[34m@n8n/rest-api-client:build: [0mℹ [ESM] dist/versions.d.mts                   1.31 kB │ gzip: 0.51 kB
[34m@n8n/rest-api-client:build: [0mℹ [ESM] dist/eventbus.ee.d.mts                1.29 kB │ gzip: 0.42 kB
[34m@n8n/rest-api-client:build: [0mℹ [ESM] dist/externalSecrets.ee.d.mts         1.29 kB │ gzip: 0.39 kB
[34m@n8n/rest-api-client:build: [0mℹ [ESM] dist/workflows.d.mts                  1.16 kB │ gzip: 0.44 kB
[34m@n8n/rest-api-client:build: [0mℹ [ESM] dist/workflowHistory.d.mts            1.11 kB │ gzip: 0.44 kB
[34m@n8n/rest-api-client:build: [0mℹ [ESM] dist/mfa.d.mts                        0.94 kB │ gzip: 0.37 kB
[34m@n8n/rest-api-client:build: [0mℹ [ESM] dist/api-keys.d.mts                   0.92 kB │ gzip: 0.36 kB
[34m@n8n/rest-api-client:build: [0mℹ [ESM] dist/communityNodes.d.mts             0.91 kB │ gzip: 0.36 kB
[34m@n8n/rest-api-client:build: [0mℹ [ESM] dist/usage.d.mts                      0.91 kB │ gzip: 0.36 kB
[34m@n8n/rest-api-client:build: [0mℹ [ESM] dist/roles.d.mts                      0.87 kB │ gzip: 0.34 kB
[34m@n8n/rest-api-client:build: [0mℹ [ESM] dist/provisioning.d.mts               0.68 kB │ gzip: 0.30 kB
[34m@n8n/rest-api-client:build: [0mℹ [ESM] dist/prompts.d.mts                    0.53 kB │ gzip: 0.27 kB
[34m@n8n/rest-api-client:build: [0mℹ [ESM] dist/webhooks.d.mts                   0.47 kB │ gzip: 0.28 kB
[34m@n8n/rest-api-client:build: [0mℹ [ESM] dist/ui.d.mts                         0.36 kB │ gzip: 0.25 kB
[34m@n8n/rest-api-client:build: [0mℹ [ESM] dist/module-settings.d.mts            0.34 kB │ gzip: 0.22 kB
[34m@n8n/rest-api-client:build: [0mℹ [ESM] dist/npsSurvey.d.mts                  0.33 kB │ gzip: 0.22 kB
[34m@n8n/rest-api-client:build: [0mℹ [ESM] dist/settings.d.mts                   0.30 kB │ gzip: 0.21 kB
[34m@n8n/rest-api-client:build: [0mℹ [ESM] dist/third-party-licenses.d.mts       0.28 kB │ gzip: 0.20 kB
[34m@n8n/rest-api-client:build: [0mℹ [ESM] dist/orchestration.d.mts              0.27 kB │ gzip: 0.20 kB
[34m@n8n/rest-api-client:build: [0mℹ [ESM] dist/ctas.d.mts                       0.25 kB │ gzip: 0.19 kB
[34m@n8n/rest-api-client:build: [0mℹ [ESM] dist/events.d.mts                     0.24 kB │ gzip: 0.18 kB
[34m@n8n/rest-api-client:build: [0mℹ [ESM] dist/tags.d.mts                       0.21 kB │ gzip: 0.16 kB
[34m@n8n/rest-api-client:build: [0mℹ [ESM] dist/types2.d.mts                     0.18 kB │ gzip: 0.15 kB
[34m@n8n/rest-api-client:build: [0mℹ [ESM] dist/index2.d.mts                     0.01 kB │ gzip: 0.03 kB
[34m@n8n/rest-api-client:build: [0mℹ [ESM] 161 files, total: 180.75 kB
[34m@n8n/rest-api-client:build: [0mℹ [CJS] dist/index.d.cts                     8.58 kB │ gzip: 2.24 kB
[34m@n8n/rest-api-client:build: [0mℹ [CJS] dist/api/index.d.cts                 8.17 kB │ gzip: 2.08 kB
[34m@n8n/rest-api-client:build: [0mℹ [CJS] dist/api/users.d.cts                 1.35 kB │ gzip: 0.43 kB
[34m@n8n/rest-api-client:build: [0mℹ [CJS] dist/api/templates.d.cts             1.12 kB │ gzip: 0.33 kB
[34m@n8n/rest-api-client:build: [0mℹ [CJS] dist/api/breaking-changes.d.cts      0.77 kB │ gzip: 0.32 kB
[34m@n8n/rest-api-client:build: [0mℹ [CJS] dist/api/dynamic-banners.d.cts       0.75 kB │ gzip: 0.40 kB
[34m@n8n/rest-api-client:build: [0mℹ [CJS] dist/api/nodeTypes.d.cts             0.63 kB │ gzip: 0.24 kB
[34m@n8n/rest-api-client:build: [0mℹ [CJS] dist/api/consent.d.cts               0.57 kB │ gzip: 0.28 kB
[34m@n8n/rest-api-client:build: [0mℹ [CJS] dist/api/eventbus.ee.d.cts           0.48 kB │ gzip: 0.21 kB
[34m@n8n/rest-api-client:build: [0mℹ [CJS] dist/api/sso.d.cts                   0.45 kB │ gzip: 0.20 kB
[34m@n8n/rest-api-client:build: [0mℹ [CJS] dist/api/externalSecrets.ee.d.cts    0.44 kB │ gzip: 0.18 kB
[34m@n8n/rest-api-client:build: [0mℹ [CJS] dist/utils.d.cts                     0.43 kB │ gzip: 0.23 kB
[34m@n8n/rest-api-client:build: [0mℹ [CJS] dist/api/cloudPlans.d.cts            0.43 kB │ gzip: 0.22 kB
[34m@n8n/rest-api-client:build: [0mℹ [CJS] dist/api/workflowHistory.d.cts       0.41 kB │ gzip: 0.17 kB
[34m@n8n/rest-api-client:build: [0mℹ [CJS] dist/api/ldap.d.cts                  0.37 kB │ gzip: 0.18 kB
[34m@n8n/rest-api-client:build: [0mℹ [CJS] dist/api/communityNodes.d.cts        0.33 kB │ gzip: 0.17 kB
[34m@n8n/rest-api-client:build: [0mℹ [CJS] dist/api/mfa.d.cts                   0.29 kB │ gzip: 0.17 kB
[34m@n8n/rest-api-client:build: [0mℹ [CJS] dist/api/usage.d.cts                 0.28 kB │ gzip: 0.16 kB
[34m@n8n/rest-api-client:build: [0mℹ [CJS] dist/api/versions.d.cts              0.26 kB │ gzip: 0.14 kB
[34m@n8n/rest-api-client:build: [0mℹ [CJS] dist/api/roles.d.cts                 0.25 kB │ gzip: 0.14 kB
[34m@n8n/rest-api-client:build: [0mℹ [CJS] dist/api/api-keys.d.cts              0.23 kB │ gzip: 0.14 kB
[34m@n8n/rest-api-client:build: [0mℹ [CJS] dist/api/workflows.d.cts             0.23 kB │ gzip: 0.13 kB
[34m@n8n/rest-api-client:build: [0mℹ [CJS] dist/api/provisioning.d.cts          0.22 kB │ gzip: 0.12 kB
[34m@n8n/rest-api-client:build: [0mℹ [CJS] dist/api/prompts.d.cts               0.20 kB │ gzip: 0.13 kB
[34m@n8n/rest-api-client:build: [0mℹ [CJS] dist/api/third-party-licenses.d.cts  0.13 kB │ gzip: 0.10 kB
[34m@n8n/rest-api-client:build: [0mℹ [CJS] dist/api/orchestration.d.cts         0.12 kB │ gzip: 0.10 kB
[34m@n8n/rest-api-client:build: [0mℹ [CJS] dist/api/ui.d.cts                    0.12 kB │ gzip: 0.10 kB
[34m@n8n/rest-api-client:build: [0mℹ [CJS] dist/api/module-settings.d.cts       0.12 kB │ gzip: 0.10 kB
[34m@n8n/rest-api-client:build: [0mℹ [CJS] dist/api/npsSurvey.d.cts             0.12 kB │ gzip: 0.10 kB
[34m@n8n/rest-api-client:build: [0mℹ [CJS] dist/api/ctas.d.cts                  0.11 kB │ gzip: 0.10 kB
[34m@n8n/rest-api-client:build: [0mℹ [CJS] dist/api/events.d.cts                0.10 kB │ gzip: 0.09 kB
[34m@n8n/rest-api-client:build: [0mℹ [CJS] dist/api/settings.d.cts              0.10 kB │ gzip: 0.09 kB
[34m@n8n/rest-api-client:build: [0mℹ [CJS] dist/api/webhooks.d.cts              0.10 kB │ gzip: 0.09 kB
[34m@n8n/rest-api-client:build: [0mℹ [CJS] dist/types.d.cts                     0.08 kB │ gzip: 0.08 kB
[34m@n8n/rest-api-client:build: [0mℹ [CJS] dist/api/tags.d.cts                  0.06 kB │ gzip: 0.07 kB
[34m@n8n/rest-api-client:build: [0mℹ [CJS] dist/api/execution.d.cts             0.01 kB │ gzip: 0.03 kB
[34m@n8n/rest-api-client:build: [0mℹ [CJS] dist/users.d.cts                     5.50 kB │ gzip: 1.25 kB
[34m@n8n/rest-api-client:build: [0mℹ [CJS] dist/templates.d.cts                 4.26 kB │ gzip: 1.08 kB
[34m@n8n/rest-api-client:build: [0mℹ [CJS] dist/utils2.d.cts                    2.20 kB │ gzip: 0.79 kB
[34m@n8n/rest-api-client:build: [0mℹ [CJS] dist/nodeTypes.d.cts                 2.05 kB │ gzip: 0.58 kB
[34m@n8n/rest-api-client:build: [0mℹ [CJS] dist/cloudPlans.d.cts                1.94 kB │ gzip: 0.76 kB
[34m@n8n/rest-api-client:build: [0mℹ [CJS] dist/ldap.d.cts                      1.75 kB │ gzip: 0.62 kB
[34m@n8n/rest-api-client:build: [0mℹ [CJS] dist/sso.d.cts                       1.38 kB │ gzip: 0.45 kB
[34m@n8n/rest-api-client:build: [0mℹ [CJS] dist/versions.d.cts                  1.31 kB │ gzip: 0.51 kB
[34m@n8n/rest-api-client:build: [0mℹ [CJS] dist/eventbus.ee.d.cts               1.29 kB │ gzip: 0.42 kB
[34m@n8n/rest-api-client:build: [0mℹ [CJS] dist/externalSecrets.ee.d.cts        1.29 kB │ gzip: 0.39 kB
[34m@n8n/rest-api-client:build: [0mℹ [CJS] dist/workflows.d.cts                 1.16 kB │ gzip: 0.44 kB
[34m@n8n/rest-api-client:build: [0mℹ [CJS] dist/workflowHistory.d.cts           1.11 kB │ gzip: 0.44 kB
[34m@n8n/rest-api-client:build: [0mℹ [CJS] dist/mfa.d.cts                       0.94 kB │ gzip: 0.37 kB
[34m@n8n/rest-api-client:build: [0mℹ [CJS] dist/api-keys.d.cts                  0.92 kB │ gzip: 0.36 kB
[34m@n8n/rest-api-client:build: [0mℹ [CJS] dist/communityNodes.d.cts            0.91 kB │ gzip: 0.36 kB
[34m@n8n/rest-api-client:build: [0mℹ [CJS] dist/usage.d.cts                     0.91 kB │ gzip: 0.36 kB
[34m@n8n/rest-api-client:build: [0mℹ [CJS] dist/roles.d.cts                     0.87 kB │ gzip: 0.34 kB
[34m@n8n/rest-api-client:build: [0mℹ [CJS] dist/provisioning.d.cts              0.68 kB │ gzip: 0.30 kB
[34m@n8n/rest-api-client:build: [0mℹ [CJS] dist/prompts.d.cts                   0.53 kB │ gzip: 0.27 kB
[34m@n8n/rest-api-client:build: [0mℹ [CJS] dist/webhooks.d.cts                  0.47 kB │ gzip: 0.28 kB
[34m@n8n/rest-api-client:build: [0mℹ [CJS] dist/ui.d.cts                        0.36 kB │ gzip: 0.25 kB
[34m@n8n/rest-api-client:build: [0mℹ [CJS] dist/module-settings.d.cts           0.34 kB │ gzip: 0.22 kB
[34m@n8n/rest-api-client:build: [0mℹ [CJS] dist/npsSurvey.d.cts                 0.33 kB │ gzip: 0.22 kB
[34m@n8n/rest-api-client:build: [0mℹ [CJS] dist/settings.d.cts                  0.30 kB │ gzip: 0.20 kB
[34m@n8n/rest-api-client:build: [0mℹ [CJS] dist/third-party-licenses.d.cts      0.28 kB │ gzip: 0.20 kB
[34m@n8n/rest-api-client:build: [0mℹ [CJS] dist/orchestration.d.cts             0.27 kB │ gzip: 0.20 kB
[34m@n8n/rest-api-client:build: [0mℹ [CJS] dist/ctas.d.cts                      0.25 kB │ gzip: 0.19 kB
[34m@n8n/rest-api-client:build: [0mℹ [CJS] dist/events.d.cts                    0.24 kB │ gzip: 0.18 kB
[34m@n8n/rest-api-client:build: [0mℹ [CJS] dist/tags.d.cts                      0.21 kB │ gzip: 0.16 kB
[34m@n8n/rest-api-client:build: [0mℹ [CJS] dist/types2.d.cts                    0.18 kB │ gzip: 0.15 kB
[34m@n8n/rest-api-client:build: [0mℹ [CJS] dist/index2.d.cts                    0.01 kB │ gzip: 0.03 kB
[34m@n8n/rest-api-client:build: [0mℹ [CJS] 67 files, total: 62.67 kB
[34m@n8n/rest-api-client:build: [0m✔ Build complete in 23043ms
[33m@n8n/db:build: [0mcache hit, replaying logs [2ma9cafe59e4a38c26[0m
[33m@n8n/db:build: [0m
[33m@n8n/db:build: [0m> @n8n/db@0.33.0 build /home/jan/n8n/packages/@n8n/db
[33m@n8n/db:build: [0m> tsc -p tsconfig.build.json
[33m@n8n/db:build: [0m
[34m@n8n/backend-test-utils:build: [0mcache hit, replaying logs [2m39face75336023c2[0m
[34m@n8n/backend-test-utils:build: [0m
[34m@n8n/backend-test-utils:build: [0m> @n8n/backend-test-utils@0.25.0 build /home/jan/n8n/packages/@n8n/backend-test-utils
[34m@n8n/backend-test-utils:build: [0m> tsc -p tsconfig.build.json
[34m@n8n/backend-test-utils:build: [0m
[35mn8n-editor-ui:build: [0mcache hit, replaying logs [2m7f4a0000e0b0afb9[0m
[35mn8n-editor-ui:build: [0m
[35mn8n-editor-ui:build: [0m> n8n-editor-ui@1.122.0 build /home/jan/n8n/packages/frontend/editor-ui
[35mn8n-editor-ui:build: [0m> cross-env VUE_APP_PUBLIC_PATH="/{{BASE_PATH}}/" NODE_OPTIONS="--max-old-space-size=8192" vite build
[35mn8n-editor-ui:build: [0m
[35mn8n-editor-ui:build: [0mYou or a plugin you are using have set `optimizeDeps.esbuildOptions` but this option is now deprecated. Vite now uses Rolldown to optimize the dependencies. Please use `optimizeDeps.rollupOptions` instead.
[35mn8n-editor-ui:build: [0mplugin-legacy overrode 'build.target'. You should pass 'targets' as an option to this plugin with the list of legacy browsers to support instead.
[35mn8n-editor-ui:build: [0mplugin-legacy 'modernTargets' option overrode the builtin targets of modern chunks. Some versions of browsers between legacy and modern may not be supported.
[35mn8n-editor-ui:build: [0mrolldown-vite v7.1.16 building for production...
[35mn8n-editor-ui:build: [0m<script src="/{{BASE_PATH}}/static/base-path.js"> in "/index.html" can't be bundled without type="module" attribute
[35mn8n-editor-ui:build: [0m<script src="/{{BASE_PATH}}/static/posthog.init.js"> in "/index.html" can't be bundled without type="module" attribute
[35mn8n-editor-ui:build: [0m
[35mn8n-editor-ui:build: [0m/{{BASE_PATH}}/static/prefers-color-scheme.css doesn't exist at build time, it will remain unchanged to be resolved at runtime
[35mn8n-editor-ui:build: [0mBrowserslist: browsers data (caniuse-lite) is 6 months old. Please run:
[35mn8n-editor-ui:build: [0m  npx update-browserslist-db@latest
[35mn8n-editor-ui:build: [0m  Why you should do it regularly: https://github.com/browserslist/update-db#readme
[35mn8n-editor-ui:build: [0m[plugin builtin:import-glob] Invalid glob pattern: `@n8n/i18n/locales/*.json` in file 'src/app/dev/i18nHmr.ts'. Glob patterns must start with:
[35mn8n-editor-ui:build: [0m  • '/' for absolute paths from project root
[35mn8n-editor-ui:build: [0m  • './' or '../' for relative paths
[35mn8n-editor-ui:build: [0m  • '**/' for recursive matching from project root
[35mn8n-editor-ui:build: [0m  • '#' for subpath imports (with '*' wildcard)
[35mn8n-editor-ui:build: [0m[plugin rolldown:vite-resolve] Module "os" has been externalized for browser compatibility, imported by "/home/jan/n8n/node_modules/.pnpm/recast@0.22.0/node_modules/recast/lib/util.js". See https://vite.dev/guide/troubleshooting.html#module-externalized-for-browser-compatibility for more details.
[35mn8n-editor-ui:build: [0m[2K[35mn8n-editor-ui:build: [0mtransforming...[32m✓[39m 6587 modules transformed.
[35mn8n-editor-ui:build: [0mrendering chunks...
[35mn8n-editor-ui:build: [0m[plugin builtin:reporter] 
[35mn8n-editor-ui:build: [0m(!) /home/jan/n8n/packages/frontend/editor-ui/src/features/ndv/parameters/components/CollectionParameter.vue is dynamically imported by /home/jan/n8n/packages/frontend/editor-ui/src/features/ndv/parameters/components/ParameterInputList.vue?vue&type=script&setup=true&lang.ts but also statically imported by /home/jan/n8n/packages/frontend/editor-ui/src/features/ndv/parameters/components/MultipleParameter.vue?vue&type=script&setup=true&lang.ts, dynamic import will not move module into another chunk.
[35mn8n-editor-ui:build: [0m
[35mn8n-editor-ui:build: [0m[vite-plugin-static-copy] Copied 2 items.
[35mn8n-editor-ui:build: [0mcomputing gzip size...
[35mn8n-editor-ui:build: [0m[2mdist/[22m[2massets/[22m[32mpolyfills-legacy-D2sn40yj.js                                   [39m[1m[2m  188.00 kB[22m[22m
[35mn8n-editor-ui:build: [0m[2mdist/[22m[2massets/[22m[36men-legacy-0SwyXYDA.js                                          [39m[1m[2m    0.33 kB[22m[22m[2m │ gzip:   0.21 kB[22m
[35mn8n-editor-ui:build: [0m[2mdist/[22m[2massets/[22m[36m_plugin-vue_export-helper-legacy-DZMI5HPp.js                   [39m[1m[2m    0.49 kB[22m[22m[2m │ gzip:   0.28 kB[22m
[35mn8n-editor-ui:build: [0m[2mdist/[22m[2massets/[22m[36msourceControl.eventBus-legacy-BF_zJ9Mq.js                      [39m[1m[2m    0.50 kB[22m[22m[2m │ gzip:   0.28 kB[22m
[35mn8n-editor-ui:build: [0m[2mdist/[22m[2massets/[22m[36msmartDecimal-legacy-DBGZXJnQ.js                                [39m[1m[2m    0.53 kB[22m[22m[2m │ gzip:   0.30 kB[22m
[35mn8n-editor-ui:build: [0m[2mdist/[22m[2massets/[22m[36mmcp.constants-legacy-BkbTHrFy.js                               [39m[1m[2m    0.58 kB[22m[22m[2m │ gzip:   0.35 kB[22m
[35mn8n-editor-ui:build: [0m[2mdist/[22m[2massets/[22m[36msortByProperty-legacy-Cr1t4fIx.js                              [39m[1m[2m    0.59 kB[22m[22m[2m │ gzip:   0.33 kB[22m
[35mn8n-editor-ui:build: [0m[2mdist/[22m[2massets/[22m[36mcore-legacy-CovukW6E.js                                        [39m[1m[2m    0.68 kB[22m[22m[2m │ gzip:   0.36 kB[22m
[35mn8n-editor-ui:build: [0m[2mdist/[22m[2massets/[22m[36mauth.eventBus-legacy-_H1lGhFI.js                               [39m[1m[2m    0.73 kB[22m[22m[2m │ gzip:   0.36 kB[22m
[35mn8n-editor-ui:build: [0m[2mdist/[22m[2massets/[22m[36mRunDataHtml-legacy-BwgMF-FM.js                                 [39m[1m[2m    0.80 kB[22m[22m[2m │ gzip:   0.39 kB[22m
[35mn8n-editor-ui:build: [0m[2mdist/[22m[2massets/[22m[36mfileUtils-legacy-BbiGYBne.js                                   [39m[1m[2m    0.95 kB[22m[22m[2m │ gzip:   0.47 kB[22m
[35mn8n-editor-ui:build: [0m[2mdist/[22m[2massets/[22m[36museStyles-legacy-E8NPEyeD.js                                   [39m[1m[2m    1.39 kB[22m[22m[2m │ gzip:   0.65 kB[22m
[35mn8n-editor-ui:build: [0m[2mdist/[22m[2massets/[22m[36museExecutionData-legacy-DEkoj08E.js                            [39m[1m[2m    1.47 kB[22m[22m[2m │ gzip:   0.58 kB[22m
[35mn8n-editor-ui:build: [0m[2mdist/[22m[2massets/[22m[36mretry-legacy-CTwsGM7o.js                                       [39m[1m[2m    1.78 kB[22m[22m[2m │ gzip:   0.74 kB[22m
[35mn8n-editor-ui:build: [0m[2mdist/[22m[2massets/[22m[36mconstants-legacy-DjFSod4r.js                                   [39m[1m[2m    1.88 kB[22m[22m[2m │ gzip:   0.73 kB[22m
[35mn8n-editor-ui:build: [0m[2mdist/[22m[2massets/[22m[36museExternalHooks-legacy-Bt-fII8L.js                            [39m[1m[2m    1.88 kB[22m[22m[2m │ gzip:   0.66 kB[22m
[35mn8n-editor-ui:build: [0m[2mdist/[22m[2massets/[22m[36museIntersectionObserver-legacy-DhQuUrIr.js                     [39m[1m[2m    1.89 kB[22m[22m[2m │ gzip:   0.72 kB[22m
[35mn8n-editor-ui:build: [0m[2mdist/[22m[2massets/[22m[36mVueMarkdown-legacy-C2dvdKIC.js                                 [39m[1m[2m    1.90 kB[22m[22m[2m │ gzip:   0.73 kB[22m
[35mn8n-editor-ui:build: [0m[2mdist/[22m[2massets/[22m[36mEnterpriseEdition.ee-legacy-C8sMcrXk.js                        [39m[1m[2m    2.05 kB[22m[22m[2m │ gzip:   0.73 kB[22m
[35mn8n-editor-ui:build: [0m[2mdist/[22m[2massets/[22m[36museMcp-legacy-Dvr5lpyz.js                                      [39m[1m[2m    2.11 kB[22m[22m[2m │ gzip:   0.78 kB[22m
[35mn8n-editor-ui:build: [0m[2mdist/[22m[2massets/[22m[36muniqBy-legacy-CcSlH77B.js                                      [39m[1m[2m    2.18 kB[22m[22m[2m │ gzip:   0.87 kB[22m
[35mn8n-editor-ui:build: [0m[2mdist/[22m[2massets/[22m[36muserRoleProvisioning.store-legacy-CG5xWgpV.js                  [39m[1m[2m    2.32 kB[22m[22m[2m │ gzip:   0.70 kB[22m
[35mn8n-editor-ui:build: [0m[2mdist/[22m[2massets/[22m[36mRunDataParsedAiContent-legacy-B7T3xFK6.js                      [39m[1m[2m    2.37 kB[22m[22m[2m │ gzip:   0.87 kB[22m
[35mn8n-editor-ui:build: [0m[2mdist/[22m[2massets/[22m[36museChatHubSidebarState-legacy-CduPbU5I.js                      [39m[1m[2m    2.46 kB[22m[22m[2m │ gzip:   0.88 kB[22m
[35mn8n-editor-ui:build: [0m[2mdist/[22m[2massets/[22m[36museBeforeUnload-legacy-Ccg1wPif.js                             [39m[1m[2m    2.46 kB[22m[22m[2m │ gzip:   0.93 kB[22m
[35mn8n-editor-ui:build: [0m[2mdist/[22m[2massets/[22m[36mpickBy-legacy-BXMauzqp.js                                      [39m[1m[2m    2.47 kB[22m[22m[2m │ gzip:   0.87 kB[22m
[35mn8n-editor-ui:build: [0m[2mdist/[22m[2massets/[22m[36museClipboard-legacy-CvE0pEbH.js                                [39m[1m[2m    2.66 kB[22m[22m[2m │ gzip:   0.95 kB[22m
[35mn8n-editor-ui:build: [0m[2mdist/[22m[2massets/[22m[36mchunk-legacy-Re9CbdfL.js                                       [39m[1m[2m    2.67 kB[22m[22m[2m │ gzip:   1.00 kB[22m
[35mn8n-editor-ui:build: [0m[2mdist/[22m[2massets/[22m[36mdateFormatter-legacy-g_VXmEjB.js                               [39m[1m[2m    2.74 kB[22m[22m[2m │ gzip:   0.88 kB[22m
[35mn8n-editor-ui:build: [0m[2mdist/[22m[2massets/[22m[36minsights.constants-legacy-CQF1GF20.js                          [39m[1m[2m    2.83 kB[22m[22m[2m │ gzip:   0.91 kB[22m
[35mn8n-editor-ui:build: [0m[2mdist/[22m[2massets/[22m[36morderBy-legacy-AJ8K7Q-r.js                                     [39m[1m[2m    2.95 kB[22m[22m[2m │ gzip:   1.06 kB[22m
[35mn8n-editor-ui:build: [0m[2mdist/[22m[2massets/[22m[36mpreload-helper-legacy-CXRjoQ0T.js                              [39m[1m[2m    3.00 kB[22m[22m[2m │ gzip:   1.14 kB[22m
[35mn8n-editor-ui:build: [0m[2mdist/[22m[2massets/[22m[36mSignoutView-legacy-BncLarKR.js                                 [39m[1m[2m    3.07 kB[22m[22m[2m │ gzip:   1.07 kB[22m
[35mn8n-editor-ui:build: [0m[2mdist/[22m[2massets/[22m[36mEmptySharedSectionActionBox-legacy-DKDDhF1X.js                 [39m[1m[2m    3.15 kB[22m[22m[2m │ gzip:   1.07 kB[22m
[35mn8n-editor-ui:build: [0m[2mdist/[22m[2massets/[22m[36mAnimatedSpinner-legacy-jmjQlQzV.js                             [39m[1m[2m    3.19 kB[22m[22m[2m │ gzip:   1.03 kB[22m
[35mn8n-editor-ui:build: [0m[2mdist/[22m[2massets/[22m[36mapiKeys.store-legacy-BnmPH0Jj.js                               [39m[1m[2m    3.26 kB[22m[22m[2m │ gzip:   0.93 kB[22m
[35mn8n-editor-ui:build: [0m[2mdist/[22m[2massets/[22m[36mroles.store-legacy-BHZ2WN5i.js                                 [39m[1m[2m    3.39 kB[22m[22m[2m │ gzip:   0.96 kB[22m
[35mn8n-editor-ui:build: [0m[2mdist/[22m[2massets/[22m[36mPushConnectionTracker-legacy-DBTUJpsS.js                       [39m[1m[2m    3.72 kB[22m[22m[2m │ gzip:   1.15 kB[22m
[35mn8n-editor-ui:build: [0m[2mdist/[22m[2massets/[22m[36mVirtualSchema-legacy-CwHqJKqv.js                               [39m[1m[2m    3.78 kB[22m[22m[2m │ gzip:   1.27 kB[22m
[35mn8n-editor-ui:build: [0m[2mdist/[22m[2massets/[22m[36mnodeTransforms-legacy-DLKq8Jdg.js                              [39m[1m[2m    3.82 kB[22m[22m[2m │ gzip:   1.11 kB[22m
[35mn8n-editor-ui:build: [0m[2mdist/[22m[2massets/[22m[36mWorkflowTagsDropdown-legacy-DnNoYbqp.js                        [39m[1m[2m    3.87 kB[22m[22m[2m │ gzip:   1.15 kB[22m
[35mn8n-editor-ui:build: [0m[2mdist/[22m[2massets/[22m[36mInsightsChartFailed-legacy-Bqwqlz5J.js                         [39m[1m[2m    3.87 kB[22m[22m[2m │ gzip:   1.26 kB[22m
[35mn8n-editor-ui:build: [0m[2mdist/[22m[2massets/[22m[36musePageRedirectionHelper-legacy-BiSuVLzU.js                    [39m[1m[2m    3.95 kB[22m[22m[2m │ gzip:   1.16 kB[22m
[35mn8n-editor-ui:build: [0m[2mdist/[22m[2massets/[22m[36mAnnotationTagsDropdown.ee-legacy-CT4P5mkV.js                   [39m[1m[2m    3.97 kB[22m[22m[2m │ gzip:   1.17 kB[22m
[35mn8n-editor-ui:build: [0m[2mdist/[22m[2massets/[22m[36mInsightsChartTotal-legacy-DXMyqVVf.js                          [39m[1m[2m    3.98 kB[22m[22m[2m │ gzip:   1.26 kB[22m
[35mn8n-editor-ui:build: [0m[2mdist/[22m[2massets/[22m[36mtemplateTransforms-legacy-D9oLLPSz.js                          [39m[1m[2m    4.02 kB[22m[22m[2m │ gzip:   1.13 kB[22m
[35mn8n-editor-ui:build: [0m[2mdist/[22m[2massets/[22m[36mInsightsChartFailureRate-legacy-CCAUxSEF.js                    [39m[1m[2m    4.37 kB[22m[22m[2m │ gzip:   1.38 kB[22m
[35mn8n-editor-ui:build: [0m[2mdist/[22m[2massets/[22m[36museExecutionHelpers-legacy-DgXK4-Rj.js                         [39m[1m[2m    4.53 kB[22m[22m[2m │ gzip:   1.30 kB[22m
[35mn8n-editor-ui:build: [0m[2mdist/[22m[2massets/[22m[36mSeverityTag-legacy-DE0mqLAy.js                                 [39m[1m[2m    4.55 kB[22m[22m[2m │ gzip:   1.43 kB[22m
[35mn8n-editor-ui:build: [0m[2mdist/[22m[2massets/[22m[36minsights.store-legacy-CjBKIFW7.js                              [39m[1m[2m    4.63 kB[22m[22m[2m │ gzip:   1.19 kB[22m
[35mn8n-editor-ui:build: [0m[2mdist/[22m[2massets/[22m[36mInsightsChartAverageRuntime-legacy-Gnjq7SbI.js                 [39m[1m[2m    4.68 kB[22m[22m[2m │ gzip:   1.47 kB[22m
[35mn8n-editor-ui:build: [0m[2mdist/[22m[2massets/[22m[36mWorkflowOnboardingView-legacy-I6MSNwGK.js                      [39m[1m[2m    4.77 kB[22m[22m[2m │ gzip:   1.34 kB[22m
[35mn8n-editor-ui:build: [0m[2mdist/[22m[2massets/[22m[36mtemplateActions-legacy-CdgZeiNW.js                             [39m[1m[2m    4.82 kB[22m[22m[2m │ gzip:   1.37 kB[22m
[35mn8n-editor-ui:build: [0m[2mdist/[22m[2massets/[22m[36mInsightsChartTimeSaved-legacy-BHRF6ZOU.js                      [39m[1m[2m    4.86 kB[22m[22m[2m │ gzip:   1.52 kB[22m
[35mn8n-editor-ui:build: [0m[2mdist/[22m[2massets/[22m[36mLogsPanel-legacy-vHhi380m.js                                   [39m[1m[2m    4.97 kB[22m[22m[2m │ gzip:   1.64 kB[22m
[35mn8n-editor-ui:build: [0m[2mdist/[22m[2massets/[22m[36mCollectionParameter-legacy-FkbQDiHn.js                         [39m[1m[2m    5.03 kB[22m[22m[2m │ gzip:   1.65 kB[22m
[35mn8n-editor-ui:build: [0m[2mdist/[22m[2massets/[22m[36mPageViewLayout-legacy-DaVsi9BM.js                              [39m[1m[2m    5.27 kB[22m[22m[2m │ gzip:   1.38 kB[22m
[35mn8n-editor-ui:build: [0m[2mdist/[22m[2massets/[22m[36mSamlOnboarding-legacy-BIKJQowu.js                              [39m[1m[2m    5.28 kB[22m[22m[2m │ gzip:   1.66 kB[22m
[35mn8n-editor-ui:build: [0m[2mdist/[22m[2massets/[22m[36museKeybindings-legacy-B0q1TeKU.js                              [39m[1m[2m    5.31 kB[22m[22m[2m │ gzip:   1.73 kB[22m
[35mn8n-editor-ui:build: [0m[2mdist/[22m[2massets/[22m[36mmcp.store-legacy-2rCL9GdB.js                                   [39m[1m[2m    5.43 kB[22m[22m[2m │ gzip:   1.36 kB[22m
[35mn8n-editor-ui:build: [0m[2mdist/[22m[2massets/[22m[36mSetupWorkflowCredentialsButton-legacy-DGowC9Oc.js              [39m[1m[2m    5.45 kB[22m[22m[2m │ gzip:   1.65 kB[22m
[35mn8n-editor-ui:build: [0m[2mdist/[22m[2massets/[22m[36mRunDataHtml-legacy-CV96Mj_E.js                                 [39m[1m[2m    5.46 kB[22m[22m[2m │ gzip:   1.45 kB[22m
[35mn8n-editor-ui:build: [0m[2mdist/[22m[2massets/[22m[36mFileSaver.min-legacy-D7uxxng5.js                               [39m[1m[2m    5.58 kB[22m[22m[2m │ gzip:   1.83 kB[22m
[35mn8n-editor-ui:build: [0m[2mdist/[22m[2massets/[22m[36mEntityUnAuthorised-legacy-D_8dW3d-.js                          [39m[1m[2m    5.80 kB[22m[22m[2m │ gzip:   1.81 kB[22m
[35mn8n-editor-ui:build: [0m[2mdist/[22m[2massets/[22m[36mschemaPreview.store-legacy-C3JGR231.js                         [39m[1m[2m    5.80 kB[22m[22m[2m │ gzip:   1.75 kB[22m
[35mn8n-editor-ui:build: [0m[2mdist/[22m[2massets/[22m[36mnodeIcon-legacy-CA57E4qg.js                                    [39m[1m[2m    5.87 kB[22m[22m[2m │ gzip:   1.52 kB[22m
[35mn8n-editor-ui:build: [0m[2mdist/[22m[2massets/[22m[36men-legacy-DJK4SpPN.js                                          [39m[1m[2m    5.88 kB[22m[22m[2m │ gzip:   1.92 kB[22m
[35mn8n-editor-ui:build: [0m[2mdist/[22m[2massets/[22m[36museWorkflowActivate-legacy-48YaqvAx.js                         [39m[1m[2m    5.89 kB[22m[22m[2m │ gzip:   1.59 kB[22m
[35mn8n-editor-ui:build: [0m[2mdist/[22m[2massets/[22m[36mnpsSurvey.store-legacy-D3B8cA9_.js                             [39m[1m[2m    5.90 kB[22m[22m[2m │ gzip:   1.38 kB[22m
[35mn8n-editor-ui:build: [0m[2mdist/[22m[2massets/[22m[36musage.store-legacy-DVgOHgBb.js                                 [39m[1m[2m    5.99 kB[22m[22m[2m │ gzip:   1.49 kB[22m
[35mn8n-editor-ui:build: [0m[2mdist/[22m[2massets/[22m[36mDataTableActions-legacy-ChaJhWTT.js                            [39m[1m[2m    6.22 kB[22m[22m[2m │ gzip:   1.62 kB[22m
[35mn8n-editor-ui:build: [0m[2mdist/[22m[2massets/[22m[36mEntityNotFound-legacy-B-M_LWmL.js                              [39m[1m[2m    6.22 kB[22m[22m[2m │ gzip:   1.72 kB[22m
[35mn8n-editor-ui:build: [0m[2mdist/[22m[2massets/[22m[36mDemoFooter-legacy-Ic4pgRFK.js                                  [39m[1m[2m    6.35 kB[22m[22m[2m │ gzip:   2.05 kB[22m
[35mn8n-editor-ui:build: [0m[2mdist/[22m[2massets/[22m[36minsights.utils-legacy-a1IJKyKq.js                              [39m[1m[2m    6.41 kB[22m[22m[2m │ gzip:   1.69 kB[22m
[35mn8n-editor-ui:build: [0m[2mdist/[22m[2massets/[22m[36mForgotMyPasswordView-legacy-DdKeNKpI.js                        [39m[1m[2m    6.52 kB[22m[22m[2m │ gzip:   1.92 kB[22m
[35mn8n-editor-ui:build: [0m[2mdist/[22m[2massets/[22m[36mSetupView-legacy-BZyIKOvW.js                                   [39m[1m[2m    6.53 kB[22m[22m[2m │ gzip:   1.85 kB[22m
[35mn8n-editor-ui:build: [0m[2mdist/[22m[2massets/[22m[36mexternalSecrets.ee.store-legacy-C85CCSxX.js                    [39m[1m[2m    6.56 kB[22m[22m[2m │ gzip:   1.55 kB[22m
[35mn8n-editor-ui:build: [0m[2mdist/[22m[2massets/[22m[36museRecentResources-legacy-CE3-dhAv.js                          [39m[1m[2m    6.91 kB[22m[22m[2m │ gzip:   1.88 kB[22m
[35mn8n-editor-ui:build: [0m[2mdist/[22m[2massets/[22m[36mKeyboardShortcutTooltip-legacy-CwePOQKM.js                     [39m[1m[2m    7.00 kB[22m[22m[2m │ gzip:   1.70 kB[22m
[35mn8n-editor-ui:build: [0m[2mdist/[22m[2massets/[22m[36museWorkflowsCache-legacy-Dn1XpYc8.js                           [39m[1m[2m    7.07 kB[22m[22m[2m │ gzip:   1.66 kB[22m
[35mn8n-editor-ui:build: [0m[2mdist/[22m[2massets/[22m[36mchatPanel.store-legacy-DesDG4vq.js                             [39m[1m[2m    7.14 kB[22m[22m[2m │ gzip:   1.78 kB[22m
[35mn8n-editor-ui:build: [0m[2mdist/[22m[2massets/[22m[36mchartjs.utils-legacy-HfPqVg7O.js                               [39m[1m[2m    7.17 kB[22m[22m[2m │ gzip:   1.32 kB[22m
[35mn8n-editor-ui:build: [0m[2mdist/[22m[2massets/[22m[36mdist-legacy-Cj1qCP8b.js                                        [39m[1m[2m    7.29 kB[22m[22m[2m │ gzip:   1.85 kB[22m
[35mn8n-editor-ui:build: [0m[2mdist/[22m[2massets/[22m[36museTelemetryContext-legacy-CaMrqfts.js                         [39m[1m[2m    7.39 kB[22m[22m[2m │ gzip:   1.97 kB[22m
[35mn8n-editor-ui:build: [0m[2mdist/[22m[2massets/[22m[36mChatAgentAvatar-legacy-BQMr9tFI.js                             [39m[1m[2m    7.57 kB[22m[22m[2m │ gzip:   1.90 kB[22m
[35mn8n-editor-ui:build: [0m[2mdist/[22m[2massets/[22m[36museExecutionDebugging-legacy-dKTNRSCd.js                       [39m[1m[2m    7.64 kB[22m[22m[2m │ gzip:   2.08 kB[22m
[35mn8n-editor-ui:build: [0m[2mdist/[22m[2massets/[22m[36mSignupView-legacy-CnbZQdau.js                                  [39m[1m[2m    7.89 kB[22m[22m[2m │ gzip:   2.15 kB[22m
[35mn8n-editor-ui:build: [0m[2mdist/[22m[2massets/[22m[36mdateformat-legacy-C4HUJTCr.js                                  [39m[1m[2m    7.90 kB[22m[22m[2m │ gzip:   2.43 kB[22m
[35mn8n-editor-ui:build: [0m[2mdist/[22m[2massets/[22m[36mSelectedItemsInfo-legacy-CDM79Sj2.js                           [39m[1m[2m    7.96 kB[22m[22m[2m │ gzip:   1.95 kB[22m
[35mn8n-editor-ui:build: [0m[2mdist/[22m[2massets/[22m[36mNodeIcon-legacy-C5eToPks.js                                    [39m[1m[2m    8.16 kB[22m[22m[2m │ gzip:   1.90 kB[22m
[35mn8n-editor-ui:build: [0m[2mdist/[22m[2massets/[22m[36mTextWithHighlights-legacy-BkMBE92Y.js                          [39m[1m[2m    8.34 kB[22m[22m[2m │ gzip:   2.12 kB[22m
[35mn8n-editor-ui:build: [0m[2mdist/[22m[2massets/[22m[36msso.store-legacy-ozsrIIvK.js                                   [39m[1m[2m    8.37 kB[22m[22m[2m │ gzip:   1.68 kB[22m
[35mn8n-editor-ui:build: [0m[2mdist/[22m[2massets/[22m[36mCredentialIcon-legacy-DurqtIc3.js                              [39m[1m[2m    8.38 kB[22m[22m[2m │ gzip:   2.02 kB[22m
[35mn8n-editor-ui:build: [0m[2mdist/[22m[2massets/[22m[36mTimeAgo-legacy-BsyMf7Le.js                                     [39m[1m[2m    8.54 kB[22m[22m[2m │ gzip:   2.64 kB[22m
[35mn8n-editor-ui:build: [0m[2mdist/[22m[2massets/[22m[36mChangePasswordView-legacy-DaKuK4zc.js                          [39m[1m[2m    8.74 kB[22m[22m[2m │ gzip:   2.31 kB[22m
[35mn8n-editor-ui:build: [0m[2mdist/[22m[2massets/[22m[36mProjectIcon-legacy-DUagZjt0.js                                 [39m[1m[2m    8.76 kB[22m[22m[2m │ gzip:   2.17 kB[22m
[35mn8n-editor-ui:build: [0m[2mdist/[22m[2massets/[22m[36mInsightsPaywall-legacy-8sYHFSkU.js                             [39m[1m[2m    8.82 kB[22m[22m[2m │ gzip:   2.27 kB[22m
[35mn8n-editor-ui:build: [0m[2mdist/[22m[2massets/[22m[36mcol-legacy-C-3DGWvD.js                                         [39m[1m[2m    8.82 kB[22m[22m[2m │ gzip:   1.88 kB[22m
[35mn8n-editor-ui:build: [0m[2mdist/[22m[2massets/[22m[36mErrorView-legacy-B6487G1y.js                                   [39m[1m[2m    8.84 kB[22m[22m[2m │ gzip:   2.25 kB[22m
[35mn8n-editor-ui:build: [0m[2mdist/[22m[2massets/[22m[36mSaveButton-legacy-38Q2ekBP.js                                  [39m[1m[2m    8.95 kB[22m[22m[2m │ gzip:   2.14 kB[22m
[35mn8n-editor-ui:build: [0m[2mdist/[22m[2massets/[22m[36mcloudPlan.store-legacy-B4k4xa37.js                             [39m[1m[2m    9.32 kB[22m[22m[2m │ gzip:   2.32 kB[22m
[35mn8n-editor-ui:build: [0m[2mdist/[22m[2massets/[22m[36mlogStreaming.store-legacy-C92wXWGw.js                          [39m[1m[2m    9.43 kB[22m[22m[2m │ gzip:   2.00 kB[22m
[35mn8n-editor-ui:build: [0m[2mdist/[22m[2massets/[22m[36m_initCloneObject-legacy-Xg9YDk0e.js                            [39m[1m[2m    9.62 kB[22m[22m[2m │ gzip:   2.37 kB[22m
[35mn8n-editor-ui:build: [0m[2mdist/[22m[2massets/[22m[36mProjectBreadcrumb-legacy-BYiT3R0X.js                           [39m[1m[2m   10.14 kB[22m[22m[2m │ gzip:   2.43 kB[22m
[35mn8n-editor-ui:build: [0m[2mdist/[22m[2massets/[22m[36moverlay-legacy-CukJ82wP.js                                     [39m[1m[2m   10.19 kB[22m[22m[2m │ gzip:   2.50 kB[22m
[35mn8n-editor-ui:build: [0m[2mdist/[22m[2massets/[22m[36mCopyInput-legacy-BwATTbNu.js                                   [39m[1m[2m   10.19 kB[22m[22m[2m │ gzip:   2.55 kB[22m
[35mn8n-editor-ui:build: [0m[2mdist/[22m[2massets/[22m[36mexecutions.store-legacy-oYPLv7Hr.js                            [39m[1m[2m   10.50 kB[22m[22m[2m │ gzip:   2.19 kB[22m
[35mn8n-editor-ui:build: [0m[2mdist/[22m[2massets/[22m[36mDraggable-legacy-DQf9HjcQ.js                                   [39m[1m[2m   10.55 kB[22m[22m[2m │ gzip:   2.47 kB[22m
[35mn8n-editor-ui:build: [0m[2mdist/[22m[2massets/[22m[36mversions.store-legacy-BIWrnJEX.js                              [39m[1m[2m   11.26 kB[22m[22m[2m │ gzip:   2.68 kB[22m
[35mn8n-editor-ui:build: [0m[2mdist/[22m[2massets/[22m[36musePinnedData-legacy-Dj01uZMw.js                               [39m[1m[2m   11.27 kB[22m[22m[2m │ gzip:   2.76 kB[22m
[35mn8n-editor-ui:build: [0m[2mdist/[22m[2massets/[22m[36mfocusPanel.store-legacy-CLqe4bQX.js                            [39m[1m[2m   11.60 kB[22m[22m[2m │ gzip:   3.19 kB[22m
[35mn8n-editor-ui:build: [0m[2mdist/[22m[2massets/[22m[36mMainSidebarUserArea-legacy-7EeuNTso.js                         [39m[1m[2m   11.65 kB[22m[22m[2m │ gzip:   2.74 kB[22m
[35mn8n-editor-ui:build: [0m[2mdist/[22m[2massets/[22m[36mChatFile-legacy-ChynqrzQ.js                                    [39m[1m[2m   11.83 kB[22m[22m[2m │ gzip:   2.77 kB[22m
[35mn8n-editor-ui:build: [0m[2mdist/[22m[2massets/[22m[36mdataTable.store-legacy-D7JSTiuR.js                             [39m[1m[2m   11.85 kB[22m[22m[2m │ gzip:   2.48 kB[22m
[35mn8n-editor-ui:build: [0m[2mdist/[22m[2massets/[22m[36mfolders.store-legacy-DLPHAcNz.js                               [39m[1m[2m   11.88 kB[22m[22m[2m │ gzip:   2.74 kB[22m
[35mn8n-editor-ui:build: [0m[2mdist/[22m[2massets/[22m[36mTemplateCard-legacy-B8ZPJdUh.js                                [39m[1m[2m   12.09 kB[22m[22m[2m │ gzip:   3.05 kB[22m
[35mn8n-editor-ui:build: [0m[2mdist/[22m[2massets/[22m[36mTemplatesView-legacy-DyfxXQ09.js                               [39m[1m[2m   12.27 kB[22m[22m[2m │ gzip:   2.29 kB[22m
[35mn8n-editor-ui:build: [0m[2mdist/[22m[2massets/[22m[36mWorkflowExecutionsLandingPage-legacy-Cc6wn468.js               [39m[1m[2m   12.41 kB[22m[22m[2m │ gzip:   2.99 kB[22m
[35mn8n-editor-ui:build: [0m[2mdist/[22m[2massets/[22m[36mModelByIdSelectorModal-legacy-D9k3_3uz.js                      [39m[1m[2m   12.42 kB[22m[22m[2m │ gzip:   3.04 kB[22m
[35mn8n-editor-ui:build: [0m[2mdist/[22m[2massets/[22m[36mChatSidebarOpener-legacy-DNKTkuCJ.js                           [39m[1m[2m   12.91 kB[22m[22m[2m │ gzip:   3.35 kB[22m
[35mn8n-editor-ui:build: [0m[2mdist/[22m[2massets/[22m[36mRunDataSearch-legacy-dWtv-l4f.js                               [39m[1m[2m   13.18 kB[22m[22m[2m │ gzip:   3.34 kB[22m
[35mn8n-editor-ui:build: [0m[2mdist/[22m[2massets/[22m[36mCredentialSelectorModal-legacy-ERbC_9ao.js                     [39m[1m[2m   14.06 kB[22m[22m[2m │ gzip:   3.20 kB[22m
[35mn8n-editor-ui:build: [0m[2mdist/[22m[2massets/[22m[36mResourceFiltersDropdown-legacy-CpbJkOaP.js                     [39m[1m[2m   14.43 kB[22m[22m[2m │ gzip:   3.28 kB[22m
[35mn8n-editor-ui:build: [0m[2mdist/[22m[2massets/[22m[36museWorkflowSaving-legacy-DTX61DTr.js                           [39m[1m[2m   14.54 kB[22m[22m[2m │ gzip:   3.38 kB[22m
[35mn8n-editor-ui:build: [0m[2mdist/[22m[2massets/[22m[36museDebounce-legacy-CD2YcDdK.js                                 [39m[1m[2m   14.59 kB[22m[22m[2m │ gzip:   3.69 kB[22m
[35mn8n-editor-ui:build: [0m[2mdist/[22m[2massets/[22m[36mAuthView-legacy-ByEr98pM.js                                    [39m[1m[2m   14.72 kB[22m[22m[2m │ gzip:   2.93 kB[22m
[35mn8n-editor-ui:build: [0m[2mdist/[22m[2massets/[22m[36mAlert-legacy-JSbrI-3M.js                                       [39m[1m[2m   14.77 kB[22m[22m[2m │ gzip:   2.88 kB[22m
[35mn8n-editor-ui:build: [0m[2mdist/[22m[2massets/[22m[36mpath-browserify-legacy-PZw06cM9.js                             [39m[1m[2m   14.89 kB[22m[22m[2m │ gzip:   2.77 kB[22m
[35mn8n-editor-ui:build: [0m[2mdist/[22m[2massets/[22m[36mWorkflowPreview-legacy-Czs8XXFw.js                             [39m[1m[2m   15.03 kB[22m[22m[2m │ gzip:   3.32 kB[22m
[35mn8n-editor-ui:build: [0m[2mdist/[22m[2massets/[22m[36museActions-legacy-DsJw17hj.js                                  [39m[1m[2m   15.37 kB[22m[22m[2m │ gzip:   3.43 kB[22m
[35mn8n-editor-ui:build: [0m[2mdist/[22m[2massets/[22m[36mpersonalizedTemplatesV3.store-legacy-C3C5NPtq.js               [39m[1m[2m   15.85 kB[22m[22m[2m │ gzip:   3.47 kB[22m
[35mn8n-editor-ui:build: [0m[2mdist/[22m[2massets/[22m[36mPrebuiltAgentTemplatesView-legacy-Bd67tUIJ.js                  [39m[1m[2m   15.95 kB[22m[22m[2m │ gzip:   3.32 kB[22m
[35mn8n-editor-ui:build: [0m[2mdist/[22m[2massets/[22m[36mRunDataParsedAiContent-legacy-bjXpqK3y.js                      [39m[1m[2m   16.29 kB[22m[22m[2m │ gzip:   3.90 kB[22m
[35mn8n-editor-ui:build: [0m[2mdist/[22m[2massets/[22m[36museBugReporting-legacy-Bzx_CtNH.js                             [39m[1m[2m   16.47 kB[22m[22m[2m │ gzip:   4.14 kB[22m
[35mn8n-editor-ui:build: [0m[2mdist/[22m[2massets/[22m[36mradio-legacy-CGgcISFZ.js                                       [39m[1m[2m   16.60 kB[22m[22m[2m │ gzip:   3.18 kB[22m
[35mn8n-editor-ui:build: [0m[2mdist/[22m[2massets/[22m[36mWorkflowExecutionsInfoAccordion-legacy-OQMtqW-P.js             [39m[1m[2m   16.86 kB[22m[22m[2m │ gzip:   3.60 kB[22m
[35mn8n-editor-ui:build: [0m[2mdist/[22m[2massets/[22m[36mTemplatesWorkflowView-legacy-Cv0nGxop.js                       [39m[1m[2m   16.99 kB[22m[22m[2m │ gzip:   3.92 kB[22m
[35mn8n-editor-ui:build: [0m[2mdist/[22m[2massets/[22m[36mTemplateDetails-legacy-B3_L4pUv.js                             [39m[1m[2m   17.09 kB[22m[22m[2m │ gzip:   3.04 kB[22m
[35mn8n-editor-ui:build: [0m[2mdist/[22m[2massets/[22m[36mModalDrawer-legacy-DrkM3vAz.js                                 [39m[1m[2m   17.28 kB[22m[22m[2m │ gzip:   4.15 kB[22m
[35mn8n-editor-ui:build: [0m[2mdist/[22m[2massets/[22m[36mTemplatesCollectionView-legacy-C6Z0fISG.js                     [39m[1m[2m   17.36 kB[22m[22m[2m │ gzip:   3.96 kB[22m
[35mn8n-editor-ui:build: [0m[2mdist/[22m[2massets/[22m[36mProjectRolesView-legacy-DnqnxdQQ.js                            [39m[1m[2m   17.51 kB[22m[22m[2m │ gzip:   4.09 kB[22m
[35mn8n-editor-ui:build: [0m[2mdist/[22m[2massets/[22m[36mProjectCardBadge-legacy-DNa8SFkv.js                            [39m[1m[2m   17.97 kB[22m[22m[2m │ gzip:   3.54 kB[22m
[35mn8n-editor-ui:build: [0m[2mdist/[22m[2massets/[22m[36mModal-legacy-CXTGmvyV.js                                       [39m[1m[2m   18.15 kB[22m[22m[2m │ gzip:   3.62 kB[22m
[35mn8n-editor-ui:build: [0m[2mdist/[22m[2massets/[22m[36mbanners.store-legacy-CEvvRh1C.js                               [39m[1m[2m   18.21 kB[22m[22m[2m │ gzip:   3.62 kB[22m
[35mn8n-editor-ui:build: [0m[2mdist/[22m[2massets/[22m[36mTagsDropdown-legacy-CMq7h5oX.js                                [39m[1m[2m   18.26 kB[22m[22m[2m │ gzip:   4.28 kB[22m
[35mn8n-editor-ui:build: [0m[2mdist/[22m[2massets/[22m[36mInsightsTableWorkflows-legacy-B_DsRmZy.js                      [39m[1m[2m   18.33 kB[22m[22m[2m │ gzip:   4.24 kB[22m
[35mn8n-editor-ui:build: [0m[2mdist/[22m[2massets/[22m[36mNodeCreation-legacy-Cz-oGow5.js                                [39m[1m[2m   20.01 kB[22m[22m[2m │ gzip:   4.71 kB[22m
[35mn8n-editor-ui:build: [0m[2mdist/[22m[2massets/[22m[36mCredentialPicker-legacy-DVK64aXI.js                            [39m[1m[2m   20.11 kB[22m[22m[2m │ gzip:   3.86 kB[22m
[35mn8n-editor-ui:build: [0m[2mdist/[22m[2massets/[22m[36mMigrationRuleDetail-legacy-B-FjTic3.js                         [39m[1m[2m   20.33 kB[22m[22m[2m │ gzip:   4.79 kB[22m
[35mn8n-editor-ui:build: [0m[2mdist/[22m[2massets/[22m[36mOAuthConsentView-legacy-DD8Br6bN.js                            [39m[1m[2m   20.54 kB[22m[22m[2m │ gzip:   4.39 kB[22m
[35mn8n-editor-ui:build: [0m[2mdist/[22m[2massets/[22m[36mRunDataJson-legacy-CAH3EbGB.js                                 [39m[1m[2m   20.96 kB[22m[22m[2m │ gzip:   4.38 kB[22m
[35mn8n-editor-ui:build: [0m[2mdist/[22m[2massets/[22m[36mAgentEditorModal-legacy-IznZwa7j.js                            [39m[1m[2m   21.12 kB[22m[22m[2m │ gzip:   4.41 kB[22m
[35mn8n-editor-ui:build: [0m[2mdist/[22m[2massets/[22m[36mevaluation.constants-legacy-D_BE1Yhw.js                        [39m[1m[2m   21.62 kB[22m[22m[2m │ gzip:   5.28 kB[22m
[35mn8n-editor-ui:build: [0m[2mdist/[22m[2massets/[22m[36mSettingsExternalSecrets-legacy-sSvbbJMw.js                     [39m[1m[2m   22.36 kB[22m[22m[2m │ gzip:   4.66 kB[22m
[35mn8n-editor-ui:build: [0m[2mdist/[22m[2massets/[22m[36mSettingsView-legacy-CZnqwJCD.js                                [39m[1m[2m   22.96 kB[22m[22m[2m │ gzip:   4.23 kB[22m
[35mn8n-editor-ui:build: [0m[2mdist/[22m[2massets/[22m[36mdialog-legacy-7jm00eni.js                                      [39m[1m[2m   23.03 kB[22m[22m[2m │ gzip:   4.83 kB[22m
[35mn8n-editor-ui:build: [0m[2mdist/[22m[2massets/[22m[36mInsightsSummary-legacy-4Vw0_8fJ.js                             [39m[1m[2m   23.24 kB[22m[22m[2m │ gzip:   5.15 kB[22m
[35mn8n-editor-ui:build: [0m[2mdist/[22m[2massets/[22m[36mMigrationRules-legacy-wtVoTiWW.js                              [39m[1m[2m   23.62 kB[22m[22m[2m │ gzip:   4.38 kB[22m
[35mn8n-editor-ui:build: [0m[2mdist/[22m[2massets/[22m[36mSetupWorkflowFromTemplateView-legacy-BW-ulhVJ.js               [39m[1m[2m   23.64 kB[22m[22m[2m │ gzip:   5.14 kB[22m
[35mn8n-editor-ui:build: [0m[2mdist/[22m[2massets/[22m[36mDataTableView-legacy-B7rXLxgx.js                               [39m[1m[2m   24.44 kB[22m[22m[2m │ gzip:   5.35 kB[22m
[35mn8n-editor-ui:build: [0m[2mdist/[22m[2massets/[22m[36mProviderSettingsModal-legacy-B0ntf2i4.js                       [39m[1m[2m   24.62 kB[22m[22m[2m │ gzip:   4.85 kB[22m
[35mn8n-editor-ui:build: [0m[2mdist/[22m[2massets/[22m[36museToast-legacy-DS3TLuG5.js                                    [39m[1m[2m   24.82 kB[22m[22m[2m │ gzip:   6.40 kB[22m
[35mn8n-editor-ui:build: [0m[2mdist/[22m[2massets/[22m[36mProjectSharing-legacy-BryrSs_M.js                              [39m[1m[2m   24.88 kB[22m[22m[2m │ gzip:   4.68 kB[22m
[35mn8n-editor-ui:build: [0m[2mdist/[22m[2massets/[22m[36mSigninView-legacy-CIE6l2_F.js                                  [39m[1m[2m   25.35 kB[22m[22m[2m │ gzip:   5.50 kB[22m
[35mn8n-editor-ui:build: [0m[2mdist/[22m[2massets/[22m[36mExternalSecretsProviderConnectionSwitch.ee-legacy-CUHhvtGp.js  [39m[1m[2m   25.47 kB[22m[22m[2m │ gzip:   9.47 kB[22m
[35mn8n-editor-ui:build: [0m[2mdist/[22m[2massets/[22m[36mCommunityNodeUpdateInfo-legacy-D7vaa8Rj.js                     [39m[1m[2m   25.49 kB[22m[22m[2m │ gzip:   4.76 kB[22m
[35mn8n-editor-ui:build: [0m[2mdist/[22m[2massets/[22m[36mProjectRoleView-legacy-CoNRHtFW.js                             [39m[1m[2m   26.46 kB[22m[22m[2m │ gzip:   5.45 kB[22m
[35mn8n-editor-ui:build: [0m[2mdist/[22m[2massets/[22m[36mToolsSelectorModal-legacy-yU83MhiM.js                          [39m[1m[2m   27.37 kB[22m[22m[2m │ gzip:   5.43 kB[22m
[35mn8n-editor-ui:build: [0m[2mdist/[22m[2massets/[22m[36mSetupTemplateFormStep-legacy-CMkzm_fQ.js                       [39m[1m[2m   27.89 kB[22m[22m[2m │ gzip:   5.08 kB[22m
[35mn8n-editor-ui:build: [0m[2mdist/[22m[2massets/[22m[36maiTemplatesStarterCollection.store-legacy-CJ5mSKa7.js          [39m[1m[2m   27.89 kB[22m[22m[2m │ gzip:   5.48 kB[22m
[35mn8n-editor-ui:build: [0m[2mdist/[22m[2massets/[22m[36mToolsSelector-legacy-R-qhAOHx.js                               [39m[1m[2m   28.10 kB[22m[22m[2m │ gzip:   5.63 kB[22m
[35mn8n-editor-ui:build: [0m[2mdist/[22m[2massets/[22m[36mFixedCollectionParameter-legacy-nixU55-P.js                    [39m[1m[2m   28.86 kB[22m[22m[2m │ gzip:   6.27 kB[22m
[35mn8n-editor-ui:build: [0m[2mdist/[22m[2massets/[22m[36mSettingsPersonalView-legacy-DFD8ZAis.js                        [39m[1m[2m   29.22 kB[22m[22m[2m │ gzip:   5.78 kB[22m
[35mn8n-editor-ui:build: [0m[2mdist/[22m[2massets/[22m[36mbuttons.esm-legacy-CRXYRZov.js                                 [39m[1m[2m   29.37 kB[22m[22m[2m │ gzip:   7.94 kB[22m
[35mn8n-editor-ui:build: [0m[2mdist/[22m[2massets/[22m[36micon-legacy-CVoUO2qT.js                                        [39m[1m[2m   29.43 kB[22m[22m[2m │ gzip:   5.67 kB[22m
[35mn8n-editor-ui:build: [0m[2mdist/[22m[2massets/[22m[36mSettingsApiView-legacy-DC84AtPX.js                             [39m[1m[2m   29.45 kB[22m[22m[2m │ gzip:   5.86 kB[22m
[35mn8n-editor-ui:build: [0m[2mdist/[22m[2massets/[22m[36mreadyToRun.store-legacy-RP2QWexk.js                            [39m[1m[2m   29.75 kB[22m[22m[2m │ gzip:   5.84 kB[22m
[35mn8n-editor-ui:build: [0m[2mdist/[22m[2massets/[22m[36mChatAgentsView-legacy-BZyvtJyc.js                              [39m[1m[2m   30.20 kB[22m[22m[2m │ gzip:   5.96 kB[22m
[35mn8n-editor-ui:build: [0m[2mdist/[22m[2massets/[22m[36mTemplateList-legacy-Bfst2y_5.js                                [39m[1m[2m   30.71 kB[22m[22m[2m │ gzip:   5.03 kB[22m
[35mn8n-editor-ui:build: [0m[2mdist/[22m[2massets/[22m[36museMessage-legacy-DjgMJPLw.js                                  [39m[1m[2m   32.09 kB[22m[22m[2m │ gzip:   6.75 kB[22m
[35mn8n-editor-ui:build: [0m[2mdist/[22m[2massets/[22m[36mSettingsLogStreamingView-legacy-CYUCOSRk.js                    [39m[1m[2m   33.72 kB[22m[22m[2m │ gzip:   6.45 kB[22m
[35mn8n-editor-ui:build: [0m[2mdist/[22m[2massets/[22m[36musePushConnection-legacy-B3fpsUhH.js                           [39m[1m[2m   33.87 kB[22m[22m[2m │ gzip:   7.04 kB[22m
[35mn8n-editor-ui:build: [0m[2mdist/[22m[2massets/[22m[36mSettingsCommunityNodesView-legacy-DD2-l0UB.js                  [39m[1m[2m   34.21 kB[22m[22m[2m │ gzip:   6.41 kB[22m
[35mn8n-editor-ui:build: [0m[2mdist/[22m[2massets/[22m[36mWorkflowActivator-legacy-pe6ForQg.js                           [39m[1m[2m   34.90 kB[22m[22m[2m │ gzip:   6.26 kB[22m
[35mn8n-editor-ui:build: [0m[2mdist/[22m[2massets/[22m[36mTestRunDetailView-legacy-CiUPrS70.js                           [39m[1m[2m   36.68 kB[22m[22m[2m │ gzip:   6.96 kB[22m
[35mn8n-editor-ui:build: [0m[2mdist/[22m[2massets/[22m[36mchat.store-legacy-C1JVO_Yu.js                                  [39m[1m[2m   36.88 kB[22m[22m[2m │ gzip:   6.78 kB[22m
[35mn8n-editor-ui:build: [0m[2mdist/[22m[2massets/[22m[36mInsightsDashboard-legacy-BW7cKKhl.js                           [39m[1m[2m   38.06 kB[22m[22m[2m │ gzip:   8.06 kB[22m
[35mn8n-editor-ui:build: [0m[2mdist/[22m[2massets/[22m[36mSettingsUsageAndPlan-legacy-Ct4ZfQ4Z.js                        [39m[1m[2m   38.29 kB[22m[22m[2m │ gzip:   6.63 kB[22m
[35mn8n-editor-ui:build: [0m[2mdist/[22m[2massets/[22m[36mSettingsSourceControl-legacy-BsMlV7pf.js                       [39m[1m[2m   38.80 kB[22m[22m[2m │ gzip:   6.55 kB[22m
[35mn8n-editor-ui:build: [0m[2mdist/[22m[2massets/[22m[36mCredentialsView-legacy-ZEtbCUDM.js                             [39m[1m[2m   39.70 kB[22m[22m[2m │ gzip:   8.10 kB[22m
[35mn8n-editor-ui:build: [0m[2mdist/[22m[2massets/[22m[36mProjectVariables-legacy-f4nRuTOE.js                            [39m[1m[2m   42.00 kB[22m[22m[2m │ gzip:   7.90 kB[22m
[35mn8n-editor-ui:build: [0m[2mdist/[22m[2massets/[22m[36mtemplates.store-legacy-DgmEfNZk.js                             [39m[1m[2m   42.72 kB[22m[22m[2m │ gzip:  13.58 kB[22m
[35mn8n-editor-ui:build: [0m[2mdist/[22m[2massets/[22m[36mEvaluationsView-legacy-DoXeQMtU.js                             [39m[1m[2m   43.31 kB[22m[22m[2m │ gzip:   7.40 kB[22m
[35mn8n-editor-ui:build: [0m[2mdist/[22m[2massets/[22m[36mxml-legacy-AlS_MIEy.js                                         [39m[1m[2m   43.70 kB[22m[22m[2m │ gzip:   7.85 kB[22m
[35mn8n-editor-ui:build: [0m[2mdist/[22m[2massets/[22m[36mChatSidebar-legacy-DefyO_Qf.js                                 [39m[1m[2m   43.75 kB[22m[22m[2m │ gzip:   7.73 kB[22m
[35mn8n-editor-ui:build: [0m[2mdist/[22m[2massets/[22m[36mProjectHeader-legacy-eXy_HPvk.js                               [39m[1m[2m   44.08 kB[22m[22m[2m │ gzip:   7.82 kB[22m
[35mn8n-editor-ui:build: [0m[2mdist/[22m[2massets/[22m[36mExecutionsTime-legacy-BEu0yLuc.js                              [39m[1m[2m   44.08 kB[22m[22m[2m │ gzip:   6.71 kB[22m
[35mn8n-editor-ui:build: [0m[2mdist/[22m[2massets/[22m[36mRunDataTable-legacy-Icpuh3jX.js                                [39m[1m[2m   47.66 kB[22m[22m[2m │ gzip:   9.44 kB[22m
[35mn8n-editor-ui:build: [0m[2mdist/[22m[2massets/[22m[36mEvaluationsRootView-legacy-KrPgAZI5.js                         [39m[1m[2m   49.71 kB[22m[22m[2m │ gzip:   7.46 kB[22m
[35mn8n-editor-ui:build: [0m[2mdist/[22m[2massets/[22m[36mCalendarDate-legacy-sPZeeyh6.js                                [39m[1m[2m   50.18 kB[22m[22m[2m │ gzip:   9.17 kB[22m
[35mn8n-editor-ui:build: [0m[2mdist/[22m[2massets/[22m[36mResourcesListLayout-legacy-Bc6Z5SET.js                         [39m[1m[2m   50.47 kB[22m[22m[2m │ gzip:   9.17 kB[22m
[35mn8n-editor-ui:build: [0m[2mdist/[22m[2massets/[22m[36museRunWorkflow-legacy-BxAFZAD6.js                              [39m[1m[2m   50.53 kB[22m[22m[2m │ gzip:  11.34 kB[22m
[35mn8n-editor-ui:build: [0m[2mdist/[22m[2massets/[22m[36mvue-json-pretty-legacy-DXTjoBRT.js                             [39m[1m[2m   53.83 kB[22m[22m[2m │ gzip:  11.49 kB[22m
[35mn8n-editor-ui:build: [0m[2mdist/[22m[2massets/[22m[36mreadyToRunWorkflows.store-legacy-BT9gPsnd.js                   [39m[1m[2m   56.10 kB[22m[22m[2m │ gzip:  10.84 kB[22m
[35mn8n-editor-ui:build: [0m[2mdist/[22m[2massets/[22m[36mWorkflowExecutionsPreview-legacy-Dwo2EA-n.js                   [39m[1m[2m   59.22 kB[22m[22m[2m │ gzip:   9.27 kB[22m
[35mn8n-editor-ui:build: [0m[2mdist/[22m[2massets/[22m[36mSettingsUsersView-legacy-H9mlBUXW.js                           [39m[1m[2m   59.66 kB[22m[22m[2m │ gzip:   9.83 kB[22m
[35mn8n-editor-ui:build: [0m[2mdist/[22m[2massets/[22m[36mWorkerView-legacy-YjkiQa9y.js                                  [39m[1m[2m   59.75 kB[22m[22m[2m │ gzip:   8.54 kB[22m
[35mn8n-editor-ui:build: [0m[2mdist/[22m[2massets/[22m[36massistant.store-legacy-D_04i3VF.js                             [39m[1m[2m   60.12 kB[22m[22m[2m │ gzip:  11.76 kB[22m
[35mn8n-editor-ui:build: [0m[2mdist/[22m[2massets/[22m[36mWorkflowHistory-legacy-GCdNeAjM.js                             [39m[1m[2m   60.88 kB[22m[22m[2m │ gzip:  10.02 kB[22m
[35mn8n-editor-ui:build: [0m[2mdist/[22m[2massets/[22m[36mExecutionsView-legacy-DWuErivg.js                              [39m[1m[2m   65.20 kB[22m[22m[2m │ gzip:  10.47 kB[22m
[35mn8n-editor-ui:build: [0m[2mdist/[22m[2massets/[22m[36museLogsTreeExpand-legacy-DaaqsojR.js                           [39m[1m[2m   65.69 kB[22m[22m[2m │ gzip:  12.92 kB[22m
[35mn8n-editor-ui:build: [0m[2mdist/[22m[2massets/[22m[36mNodeDetailsViewV2-legacy-XjjH6PgD.js                           [39m[1m[2m   66.47 kB[22m[22m[2m │ gzip:  13.11 kB[22m
[35mn8n-editor-ui:build: [0m[2mdist/[22m[2massets/[22m[36mWorkflowExecutionsView-legacy-B-VGlFVS.js                      [39m[1m[2m   67.77 kB[22m[22m[2m │ gzip:  11.09 kB[22m
[35mn8n-editor-ui:build: [0m[2mdist/[22m[2massets/[22m[36mProjectSettings-legacy-DTwazIeA.js                             [39m[1m[2m   68.10 kB[22m[22m[2m │ gzip:  10.99 kB[22m
[35mn8n-editor-ui:build: [0m[2mdist/[22m[2massets/[22m[36mmerge-legacy-Bf6s3KFt.js                                       [39m[1m[2m   74.08 kB[22m[22m[2m │ gzip:  11.17 kB[22m
[35mn8n-editor-ui:build: [0m[2mdist/[22m[2massets/[22m[36mNodeDetailsView-legacy-BXCMyxnf.js                             [39m[1m[2m   78.50 kB[22m[22m[2m │ gzip:  13.97 kB[22m
[35mn8n-editor-ui:build: [0m[2mdist/[22m[2massets/[22m[36msemver-legacy-NcI7DjpM.js                                      [39m[1m[2m   78.96 kB[22m[22m[2m │ gzip:  12.84 kB[22m
[35mn8n-editor-ui:build: [0m[2mdist/[22m[2massets/[22m[36mcore-legacy-Dbm4ZHjr.js                                        [39m[1m[2m   80.01 kB[22m[22m[2m │ gzip:  17.12 kB[22m
[35mn8n-editor-ui:build: [0m[2mdist/[22m[2massets/[22m[36mSettingsSso-legacy-a9qsYl0Q.js                                 [39m[1m[2m   80.01 kB[22m[22m[2m │ gzip:  11.94 kB[22m
[35mn8n-editor-ui:build: [0m[2mdist/[22m[2massets/[22m[36mTemplatesSearchView-legacy-DC2rZoqR.js                         [39m[1m[2m   89.80 kB[22m[22m[2m │ gzip:  15.40 kB[22m
[35mn8n-editor-ui:build: [0m[2mdist/[22m[2massets/[22m[36museCommandBar-legacy-DtKRRWJu.js                               [39m[1m[2m   90.05 kB[22m[22m[2m │ gzip:  14.62 kB[22m
[35mn8n-editor-ui:build: [0m[2mdist/[22m[2massets/[22m[36mSettingsMCPView-legacy-CrNjNEXV.js                             [39m[1m[2m   91.79 kB[22m[22m[2m │ gzip:  11.74 kB[22m
[35mn8n-editor-ui:build: [0m[2mdist/[22m[2massets/[22m[36museCanvasOperations-legacy-EWVJphz5.js                         [39m[1m[2m   92.27 kB[22m[22m[2m │ gzip:  18.29 kB[22m
[35mn8n-editor-ui:build: [0m[2mdist/[22m[2massets/[22m[36mMainSidebar-legacy-BpZ2WWKB.js                                 [39m[1m[2m   92.75 kB[22m[22m[2m │ gzip:  14.01 kB[22m
[35mn8n-editor-ui:build: [0m[2mdist/[22m[2massets/[22m[36mItemsRenderer-legacy-yPtclHMO.js                               [39m[1m[2m  102.18 kB[22m[22m[2m │ gzip:  12.83 kB[22m
[35mn8n-editor-ui:build: [0m[2mdist/[22m[2massets/[22m[36mAddDataTableModal-legacy-LEXUyD2s.js                           [39m[1m[2m  105.63 kB[22m[22m[2m │ gzip:  19.74 kB[22m
[35mn8n-editor-ui:build: [0m[2mdist/[22m[2massets/[22m[36mChatView-legacy-D0UD8LPl.js                                    [39m[1m[2m  106.37 kB[22m[22m[2m │ gzip:  17.49 kB[22m
[35mn8n-editor-ui:build: [0m[2mdist/[22m[2massets/[22m[36mSettingsLdapView-legacy-CXSe89xL.js                            [39m[1m[2m  106.59 kB[22m[22m[2m │ gzip:  16.63 kB[22m
[35mn8n-editor-ui:build: [0m[2mdist/[22m[2massets/[22m[36mTriggerPanel-legacy-C-xPEyKS.js                                [39m[1m[2m  109.78 kB[22m[22m[2m │ gzip:  17.30 kB[22m
[35mn8n-editor-ui:build: [0m[2mdist/[22m[2massets/[22m[36mexports-legacy-COvxY4M6.js                                     [39m[1m[2m  119.06 kB[22m[22m[2m │ gzip:  28.91 kB[22m
[35mn8n-editor-ui:build: [0m[2mdist/[22m[2massets/[22m[36mVirtualSchema-legacy-DRbbNlmF.js                               [39m[1m[2m  130.52 kB[22m[22m[2m │ gzip:  27.67 kB[22m
[35mn8n-editor-ui:build: [0m[2mdist/[22m[2massets/[22m[36mempty-legacy-ZG0-xpne.js                                       [39m[1m[2m  130.62 kB[22m[22m[2m │ gzip:  22.07 kB[22m
[35mn8n-editor-ui:build: [0m[2mdist/[22m[2massets/[22m[36mNodeCreator-legacy-BsprJW21.js                                 [39m[1m[2m  132.29 kB[22m[22m[2m │ gzip:  20.31 kB[22m
[35mn8n-editor-ui:build: [0m[2mdist/[22m[2massets/[22m[36mMainHeader-legacy-CCXXRUEV.js                                  [39m[1m[2m  137.14 kB[22m[22m[2m │ gzip:  23.55 kB[22m
[35mn8n-editor-ui:build: [0m[2mdist/[22m[2massets/[22m[36mNodeView-legacy-Ck86bJsi.js                                    [39m[1m[2m  165.23 kB[22m[22m[2m │ gzip:  28.87 kB[22m
[35mn8n-editor-ui:build: [0m[2mdist/[22m[2massets/[22m[36mnodeCreator.store-legacy-D9LmI1by.js                           [39m[1m[2m  170.83 kB[22m[22m[2m │ gzip:  27.03 kB[22m
[35mn8n-editor-ui:build: [0m[2mdist/[22m[2massets/[22m[36m_baseOrderBy-legacy-qptehUEO.js                                [39m[1m[2m  171.36 kB[22m[22m[2m │ gzip:  40.55 kB[22m
[35mn8n-editor-ui:build: [0m[2mdist/[22m[2massets/[22m[36mNodeSettings-legacy-BvGkVBRx.js                                [39m[1m[2m  182.92 kB[22m[22m[2m │ gzip:  29.76 kB[22m
[35mn8n-editor-ui:build: [0m[2mdist/[22m[2massets/[22m[36mtable-legacy-DOw-fRIV.js                                       [39m[1m[2m  195.64 kB[22m[22m[2m │ gzip:  39.44 kB[22m
[35mn8n-editor-ui:build: [0m[2mdist/[22m[2massets/[22m[36mvue-legacy-DYOFx85F.js                                         [39m[1m[2m  199.57 kB[22m[22m[2m │ gzip:  41.81 kB[22m
[35mn8n-editor-ui:build: [0m[2mdist/[22m[2massets/[22m[36mrouter-legacy-Cd3h0n2R.js                                      [39m[1m[2m  202.16 kB[22m[22m[2m │ gzip:  33.04 kB[22m
[35mn8n-editor-ui:build: [0m[2mdist/[22m[2massets/[22m[36mLogsPanel-legacy-BEaxn9mD.js                                   [39m[1m[2m  216.36 kB[22m[22m[2m │ gzip:  31.81 kB[22m
[35mn8n-editor-ui:build: [0m[2mdist/[22m[2massets/[22m[36mdate-picker-legacy-DCB5tj0K.js                                 [39m[1m[2m  224.74 kB[22m[22m[2m │ gzip:  36.12 kB[22m
[35mn8n-editor-ui:build: [0m[2mdist/[22m[2massets/[22m[36mWorkflowsView-legacy-D8wN3Bzq.js                               [39m[1m[2m  233.12 kB[22m[22m[2m │ gzip:  32.82 kB[22m
[35mn8n-editor-ui:build: [0m[2mdist/[22m[2massets/[22m[36mtruncate-legacy-CPvULrkQ.js                                    [39m[1m[2m  243.04 kB[22m[22m[2m │ gzip:  51.29 kB[22m
[35mn8n-editor-ui:build: [0m[2mdist/[22m[2massets/[22m[36mRunDataJsonActions-legacy-Csdl8c6Z.js                          [39m[1m[2m  270.92 kB[22m[22m[2m │ gzip:  41.96 kB[22m
[35mn8n-editor-ui:build: [0m[2mdist/[22m[2massets/[22m[36mlanguageModules-legacy-CbBlREl1.js                             [39m[1m[2m  332.62 kB[22m[22m[2m │ gzip:  77.93 kB[22m
[35mn8n-editor-ui:build: [0m[2mdist/[22m[2massets/[22m[36mvue.runtime.esm-bundler-legacy--Sn1h8On.js                     [39m[1m[2m  344.70 kB[22m[22m[2m │ gzip:  75.07 kB[22m
[35mn8n-editor-ui:build: [0m[2mdist/[22m[2massets/[22m[36museImportCurlCommand-legacy-RI4j1Kd3.js                        [39m[1m[2m  424.96 kB[22m[22m[2m │ gzip:  69.16 kB[22m
[35mn8n-editor-ui:build: [0m[2mdist/[22m[2massets/[22m[36mchart-legacy-B9hE9qID.js                                       [39m[1m[2m  460.05 kB[22m[22m[2m │ gzip:  96.73 kB[22m
[35mn8n-editor-ui:build: [0m[2mdist/[22m[2massets/[22m[36msanitize-html-legacy-vIyjvWWp.js                               [39m[1m[33m  535.77 kB[39m[22m[2m │ gzip: 111.81 kB[22m
[35mn8n-editor-ui:build: [0m[2mdist/[22m[2massets/[22m[36m_MapCache-legacy-DdEy-5Nr.js                                   [39m[1m[33m  631.50 kB[39m[22m[2m │ gzip: 128.15 kB[22m
[35mn8n-editor-ui:build: [0m[2mdist/[22m[2massets/[22m[36museCanvasMapping-legacy-CuTypnt8.js                            [39m[1m[33m  752.10 kB[39m[22m[2m │ gzip: 123.97 kB[22m
[35mn8n-editor-ui:build: [0m[2mdist/[22m[2massets/[22m[36mNDVEmptyState-legacy-DBWXXI_j.js                               [39m[1m[33m  917.42 kB[39m[22m[2m │ gzip: 191.67 kB[22m
[35mn8n-editor-ui:build: [0m[2mdist/[22m[2massets/[22m[36museTelemetry-legacy-BxZYqZZa.js                                [39m[1m[33m1,193.21 kB[39m[22m[2m │ gzip: 236.08 kB[22m
[35mn8n-editor-ui:build: [0m[2mdist/[22m[2massets/[22m[36mes-legacy-C6r-cWha.js                                          [39m[1m[33m1,349.80 kB[39m[22m[2m │ gzip: 328.80 kB[22m
[35mn8n-editor-ui:build: [0m[2mdist/[22m[2massets/[22m[36misEmpty-legacy-BjgN2D6s.js                                     [39m[1m[33m1,995.13 kB[39m[22m[2m │ gzip: 432.26 kB[22m
[35mn8n-editor-ui:build: [0m[2mdist/[22m[2massets/[22m[36mParameterInputList-legacy-Dn19oW2B.js                          [39m[1m[33m2,055.68 kB[39m[22m[2m │ gzip: 394.09 kB[22m
[35mn8n-editor-ui:build: [0m[2mdist/[22m[2massets/[22m[36mDataTableDetailsView-legacy-BGP6upbZ.js                        [39m[1m[33m2,114.94 kB[39m[22m[2m │ gzip: 395.19 kB[22m
[35mn8n-editor-ui:build: [0m[2mdist/[22m[2massets/[22m[36mindex-legacy-DQO4N9Ze.js                                       [39m[1m[33m2,147.00 kB[39m[22m[2m │ gzip: 326.98 kB[22m
[35mn8n-editor-ui:build: [0m[2mdist/[22m[2massets/[22m[36msrc-legacy-qzV8IOxE.js                                         [39m[1m[33m3,132.72 kB[39m[22m[2m │ gzip: 506.07 kB[22m
[35mn8n-editor-ui:build: [0m[2mdist/[22m[2massets/[22m[36mconstants-legacy-CFWxXn8r.js                                   [39m[1m[33m3,707.50 kB[39m[22m[2m │ gzip: 633.68 kB[22m
[35mn8n-editor-ui:build: [0m[33m[EVAL] Warning:[0m Use of `eval` function is strongly discouraged as it poses security risks and may cause issues with minification.
[35mn8n-editor-ui:build: [0m      [38;5;246m╭[0m[38;5;246m─[0m[38;5;246m[[0m ../../../node_modules/.pnpm/web-tree-sitter@0.24.3/node_modules/web-tree-sitter/tree-sitter.js:1195:37 [38;5;246m][0m
[35mn8n-editor-ui:build: [0m      [38;5;246m│[0m
[35mn8n-editor-ui:build: [0m [38;5;246m1195 │[0m [38;5;249m [0m[38;5;249m [0m[38;5;249m [0m[38;5;249m [0m[38;5;249m [0m[38;5;249m [0m[38;5;249m [0m[38;5;249m [0m[38;5;249m [0m[38;5;249m [0m[38;5;249m [0m[38;5;249m [0m[38;5;249m [0m[38;5;249m [0m[38;5;249m [0m[38;5;249m [0m[38;5;249mA[0m[38;5;249mS[0m[38;5;249mM[0m[38;5;249m_[0m[38;5;249mC[0m[38;5;249mO[0m[38;5;249mN[0m[38;5;249mS[0m[38;5;249mT[0m[38;5;249mS[0m[38;5;249m[[0m[38;5;249ms[0m[38;5;249mt[0m[38;5;249ma[0m[38;5;249mr[0m[38;5;249mt[0m[38;5;249m][0m[38;5;249m [0m[38;5;249m=[0m[38;5;249m [0meval[38;5;249m([0m[38;5;249mf[0m[38;5;249mu[0m[38;5;249mn[0m[38;5;249mc[0m[38;5;249m)[0m[38;5;249m;[0m
[35mn8n-editor-ui:build: [0m [38;5;240m     │[0m                                     ──┬─  
[35mn8n-editor-ui:build: [0m [38;5;240m     │[0m                                       ╰─── Use of `eval` function here.
[35mn8n-editor-ui:build: [0m[38;5;246m──────╯[0m
[35mn8n-editor-ui:build: [0m
[35mn8n-editor-ui:build: [0m[33m[EVAL] Warning:[0m Use of `eval` function is strongly discouraged as it poses security risks and may cause issues with minification.
[35mn8n-editor-ui:build: [0m      [38;5;246m╭[0m[38;5;246m─[0m[38;5;246m[[0m ../../../node_modules/.pnpm/web-tree-sitter@0.24.3/node_modules/web-tree-sitter/tree-sitter.js:1221:39 [38;5;246m][0m
[35mn8n-editor-ui:build: [0m      [38;5;246m│[0m
[35mn8n-editor-ui:build: [0m [38;5;246m1221 │[0m [38;5;249m [0m[38;5;249m [0m[38;5;249m [0m[38;5;249m [0m[38;5;249m [0m[38;5;249m [0m[38;5;249m [0m[38;5;249m [0m[38;5;249m [0m[38;5;249m [0m[38;5;249m [0m[38;5;249m [0m[38;5;249m [0m[38;5;249m [0m[38;5;249m [0m[38;5;249m [0m[38;5;249mm[0m[38;5;249mo[0m[38;5;249md[0m[38;5;249mu[0m[38;5;249ml[0m[38;5;249me[0m[38;5;249mE[0m[38;5;249mx[0m[38;5;249mp[0m[38;5;249mo[0m[38;5;249mr[0m[38;5;249mt[0m[38;5;249ms[0m[38;5;249m[[0m[38;5;249mn[0m[38;5;249ma[0m[38;5;249mm[0m[38;5;249me[0m[38;5;249m][0m[38;5;249m [0m[38;5;249m=[0m[38;5;249m [0meval[38;5;249m([0m[38;5;249mf[0m[38;5;249mu[0m[38;5;249mn[0m[38;5;249mc[0m[38;5;249m)[0m[38;5;249m;[0m
[35mn8n-editor-ui:build: [0m [38;5;240m     │[0m                                       ──┬─  
[35mn8n-editor-ui:build: [0m [38;5;240m     │[0m                                         ╰─── Use of `eval` function here.
[35mn8n-editor-ui:build: [0m[38;5;246m──────╯[0m
[35mn8n-editor-ui:build: [0m
[35mn8n-editor-ui:build: [0m<script src="/{{BASE_PATH}}/static/base-path.js"> in "/index.html" can't be bundled without type="module" attribute
[35mn8n-editor-ui:build: [0m<script src="/{{BASE_PATH}}/static/posthog.init.js"> in "/index.html" can't be bundled without type="module" attribute
[35mn8n-editor-ui:build: [0m[plugin builtin:import-glob] Invalid glob pattern: `@n8n/i18n/locales/*.json` in file 'src/app/dev/i18nHmr.ts'. Glob patterns must start with:
[35mn8n-editor-ui:build: [0m  • '/' for absolute paths from project root
[35mn8n-editor-ui:build: [0m  • './' or '../' for relative paths
[35mn8n-editor-ui:build: [0m  • '**/' for recursive matching from project root
[35mn8n-editor-ui:build: [0m  • '#' for subpath imports (with '*' wildcard)
[35mn8n-editor-ui:build: [0m[plugin rolldown:vite-resolve] Module "os" has been externalized for browser compatibility, imported by "/home/jan/n8n/node_modules/.pnpm/recast@0.22.0/node_modules/recast/lib/util.js". See https://vite.dev/guide/troubleshooting.html#module-externalized-for-browser-compatibility for more details.
[35mn8n-editor-ui:build: [0m[2K[35mn8n-editor-ui:build: [0mtransforming...[32m✓[39m 6587 modules transformed.
[35mn8n-editor-ui:build: [0mrendering chunks...
[35mn8n-editor-ui:build: [0m[plugin builtin:reporter] 
[35mn8n-editor-ui:build: [0m(!) /home/jan/n8n/packages/frontend/editor-ui/src/features/ndv/parameters/components/CollectionParameter.vue is dynamically imported by /home/jan/n8n/packages/frontend/editor-ui/src/features/ndv/parameters/components/ParameterInputList.vue?vue&type=script&setup=true&lang.ts but also statically imported by /home/jan/n8n/packages/frontend/editor-ui/src/features/ndv/parameters/components/MultipleParameter.vue?vue&type=script&setup=true&lang.ts, dynamic import will not move module into another chunk.
[35mn8n-editor-ui:build: [0m
[35mn8n-editor-ui:build: [0m[vite-plugin-static-copy] Copied 2 items.
[35mn8n-editor-ui:build: [0mcomputing gzip size...
[35mn8n-editor-ui:build: [0m[2mdist/[22m[2massets/[22m[32msqlite3-opfs-async-proxy-vVtmDGHX.js                    [39m[1m[2m   15.79 kB[22m[22m
[35mn8n-editor-ui:build: [0m[2mdist/[22m[32mindex.html                                                     [39m[1m[2m   16.57 kB[22m[22m[2m │ gzip:   3.33 kB[22m
[35mn8n-editor-ui:build: [0m[2mdist/[22m[2massets/[22m[32melement-icons-B-tDfklg.woff                             [39m[1m[2m   28.20 kB[22m[22m
[35mn8n-editor-ui:build: [0m[2mdist/[22m[2massets/[22m[32melement-icons-_lZGOqcG.ttf                              [39m[1m[2m   55.95 kB[22m[22m
[35mn8n-editor-ui:build: [0m[2mdist/[22m[2massets/[22m[32mCommitMonoVariable-ytizKI8U.woff2                       [39m[1m[2m   86.76 kB[22m[22m
[35mn8n-editor-ui:build: [0m[2mdist/[22m[2massets/[22m[32mdoppler-B__k0MeW.webp                                   [39m[1m[2m  315.06 kB[22m[22m
[35mn8n-editor-ui:build: [0m[2mdist/[22m[2massets/[22m[32mInterVariable-DiVDrmQJ.woff2                            [39m[1m[2m  352.24 kB[22m[22m
[35mn8n-editor-ui:build: [0m[2mdist/[22m[2massets/[22m[32msqlite3-worker1-bundler-friendly-BOYmhhGN.js            [39m[1m[2m  362.94 kB[22m[22m
[35mn8n-editor-ui:build: [0m[2mdist/[22m[2massets/[22m[32mworker-CIvWfg3a.js                                      [39m[1m[2m  377.11 kB[22m[22m
[35mn8n-editor-ui:build: [0m[2mdist/[22m[2massets/[22m[32mInterVariable-Italic-FCBEiFp6.woff2                     [39m[1m[2m  387.97 kB[22m[22m
[35mn8n-editor-ui:build: [0m[2mdist/[22m[2massets/[22m[32msqlite3-DBpDb1lf.wasm                                   [39m[1m[2m  856.44 kB[22m[22m[2m │ gzip: 396.48 kB[22m
[35mn8n-editor-ui:build: [0m[2mdist/[22m[2massets/[22m[32mtypescript.worker-DK2Qdfu7.js                           [39m[1m[2m7,973.55 kB[22m[22m
[35mn8n-editor-ui:build: [0m[2mdist/[22m[2massets/[22m[35mEntityNotFound-D6gi5ngN.css                             [39m[1m[2m    0.19 kB[22m[22m[2m │ gzip:   0.16 kB[22m
[35mn8n-editor-ui:build: [0m[2mdist/[22m[2massets/[22m[35mEntityUnAuthorised-D3XTbU6Y.css                         [39m[1m[2m    0.19 kB[22m[22m[2m │ gzip:   0.16 kB[22m
[35mn8n-editor-ui:build: [0m[2mdist/[22m[2massets/[22m[35mProjectRolesView-CZqQ656d.css                           [39m[1m[2m    0.26 kB[22m[22m[2m │ gzip:   0.17 kB[22m
[35mn8n-editor-ui:build: [0m[2mdist/[22m[2massets/[22m[35mSeverityTag-C0hCvHeU.css                                [39m[1m[2m    0.27 kB[22m[22m[2m │ gzip:   0.15 kB[22m
[35mn8n-editor-ui:build: [0m[2mdist/[22m[2massets/[22m[35mMigrationRuleDetail-4tgkxxhX.css                        [39m[1m[2m    0.42 kB[22m[22m[2m │ gzip:   0.28 kB[22m
[35mn8n-editor-ui:build: [0m[2mdist/[22m[2massets/[22m[35mNDVEmptyState-Bho0_Ev8.css                              [39m[1m[2m    0.52 kB[22m[22m[2m │ gzip:   0.28 kB[22m
[35mn8n-editor-ui:build: [0m[2mdist/[22m[2massets/[22m[35mAnimatedSpinner-CoP6Lyme.css                            [39m[1m[2m    0.57 kB[22m[22m[2m │ gzip:   0.19 kB[22m
[35mn8n-editor-ui:build: [0m[2mdist/[22m[2massets/[22m[35mProjectRoleView-Ds9qdhh9.css                            [39m[1m[2m    0.86 kB[22m[22m[2m │ gzip:   0.42 kB[22m
[35mn8n-editor-ui:build: [0m[2mdist/[22m[2massets/[22m[35mMigrationRules-wMqorxjv.css                             [39m[1m[2m    1.42 kB[22m[22m[2m │ gzip:   0.50 kB[22m
[35mn8n-editor-ui:build: [0m[2mdist/[22m[2massets/[22m[35mRunDataHtml-Bu3RZcuV.css                                [39m[1m[2m    2.53 kB[22m[22m[2m │ gzip:   0.46 kB[22m
[35mn8n-editor-ui:build: [0m[2mdist/[22m[2massets/[22m[35mChatAgentAvatar-krKyb5iB.css                            [39m[1m[2m    2.54 kB[22m[22m[2m │ gzip:   0.46 kB[22m
[35mn8n-editor-ui:build: [0m[2mdist/[22m[2massets/[22m[35mCredentialIcon-bZrcXcyJ.css                             [39m[1m[2m    2.56 kB[22m[22m[2m │ gzip:   0.47 kB[22m
[35mn8n-editor-ui:build: [0m[2mdist/[22m[2massets/[22m[35mNodeIcon-eaW3atZy.css                                   [39m[1m[2m    2.57 kB[22m[22m[2m │ gzip:   0.48 kB[22m
[35mn8n-editor-ui:build: [0m[2mdist/[22m[2massets/[22m[35mModalDrawer-B-12esvU.css                                [39m[1m[2m    2.58 kB[22m[22m[2m │ gzip:   0.48 kB[22m
[35mn8n-editor-ui:build: [0m[2mdist/[22m[2massets/[22m[35mTextWithHighlights-BgbTzzK2.css                         [39m[1m[2m    2.63 kB[22m[22m[2m │ gzip:   0.51 kB[22m
[35mn8n-editor-ui:build: [0m[2mdist/[22m[2massets/[22m[35mKeyboardShortcutTooltip-pRLqnHdh.css                    [39m[1m[2m    2.65 kB[22m[22m[2m │ gzip:   0.52 kB[22m
[35mn8n-editor-ui:build: [0m[2mdist/[22m[2massets/[22m[35mRunDataJsonActions-CZx7rSSE.css                         [39m[1m[2m    2.65 kB[22m[22m[2m │ gzip:   0.52 kB[22m
[35mn8n-editor-ui:build: [0m[2mdist/[22m[2massets/[22m[35mInsightsPaywall-CE5W3W4m.css                            [39m[1m[2m    2.70 kB[22m[22m[2m │ gzip:   0.56 kB[22m
[35mn8n-editor-ui:build: [0m[2mdist/[22m[2massets/[22m[35mDraggable-DfBtatxg.css                                  [39m[1m[2m    2.72 kB[22m[22m[2m │ gzip:   0.55 kB[22m
[35mn8n-editor-ui:build: [0m[2mdist/[22m[2massets/[22m[35mExternalSecretsProviderConnectionSwitch-dpp96SMy.css    [39m[1m[2m    2.74 kB[22m[22m[2m │ gzip:   0.56 kB[22m
[35mn8n-editor-ui:build: [0m[2mdist/[22m[2massets/[22m[35mChatSidebarOpener-CxM-3LAt.css                          [39m[1m[2m    2.83 kB[22m[22m[2m │ gzip:   0.61 kB[22m
[35mn8n-editor-ui:build: [0m[2mdist/[22m[2massets/[22m[35mModelByIdSelectorModal-CF6s_557.css                     [39m[1m[2m    2.86 kB[22m[22m[2m │ gzip:   0.60 kB[22m
[35mn8n-editor-ui:build: [0m[2mdist/[22m[2massets/[22m[35mSaveButton-Dc01Y2MA.css                                 [39m[1m[2m    2.86 kB[22m[22m[2m │ gzip:   0.61 kB[22m
[35mn8n-editor-ui:build: [0m[2mdist/[22m[2massets/[22m[35mAgentEditorModal-Bkss_gbo.css                           [39m[1m[2m    2.88 kB[22m[22m[2m │ gzip:   0.60 kB[22m
[35mn8n-editor-ui:build: [0m[2mdist/[22m[2massets/[22m[35mPageViewLayout-Cn6FD0Wt.css                             [39m[1m[2m    2.90 kB[22m[22m[2m │ gzip:   0.62 kB[22m
[35mn8n-editor-ui:build: [0m[2mdist/[22m[2massets/[22m[35mErrorView-D2OMvGTk.css                                  [39m[1m[2m    2.93 kB[22m[22m[2m │ gzip:   0.62 kB[22m
[35mn8n-editor-ui:build: [0m[2mdist/[22m[2massets/[22m[35mNodeCreation-CKa3G1zA.css                               [39m[1m[2m    2.93 kB[22m[22m[2m │ gzip:   0.65 kB[22m
[35mn8n-editor-ui:build: [0m[2mdist/[22m[2massets/[22m[35mCredentialSelectorModal-CISAphvh.css                    [39m[1m[2m    2.93 kB[22m[22m[2m │ gzip:   0.61 kB[22m
[35mn8n-editor-ui:build: [0m[2mdist/[22m[2massets/[22m[35mSelectedItemsInfo-DDbNnY7M.css                          [39m[1m[2m    2.96 kB[22m[22m[2m │ gzip:   0.64 kB[22m
[35mn8n-editor-ui:build: [0m[2mdist/[22m[2massets/[22m[35mWorkflowExecutionsLandingPage-DMldlKod.css              [39m[1m[2m    2.97 kB[22m[22m[2m │ gzip:   0.63 kB[22m
[35mn8n-editor-ui:build: [0m[2mdist/[22m[2massets/[22m[35mTemplatesCollectionView-klb8FT9y.css                    [39m[1m[2m    3.06 kB[22m[22m[2m │ gzip:   0.66 kB[22m
[35mn8n-editor-ui:build: [0m[2mdist/[22m[2massets/[22m[35mSigninView-BQgsTN8o.css                                 [39m[1m[2m    3.07 kB[22m[22m[2m │ gzip:   0.68 kB[22m
[35mn8n-editor-ui:build: [0m[2mdist/[22m[2massets/[22m[35mTemplateCard-DxDBlS6p.css                               [39m[1m[2m    3.10 kB[22m[22m[2m │ gzip:   0.67 kB[22m
[35mn8n-editor-ui:build: [0m[2mdist/[22m[2massets/[22m[35mSetupWorkflowFromTemplateView-CU2iGJTa.css              [39m[1m[2m    3.10 kB[22m[22m[2m │ gzip:   0.68 kB[22m
[35mn8n-editor-ui:build: [0m[2mdist/[22m[2massets/[22m[35mSettingsExternalSecrets-CaiOf7cD.css                    [39m[1m[2m    3.10 kB[22m[22m[2m │ gzip:   0.65 kB[22m
[35mn8n-editor-ui:build: [0m[2mdist/[22m[2massets/[22m[35museCommandBar-eK4Fv9lH.css                              [39m[1m[2m    3.12 kB[22m[22m[2m │ gzip:   0.66 kB[22m
[35mn8n-editor-ui:build: [0m[2mdist/[22m[2massets/[22m[35mWorkflowPreview-CYpzxJej.css                            [39m[1m[2m    3.17 kB[22m[22m[2m │ gzip:   0.72 kB[22m
[35mn8n-editor-ui:build: [0m[2mdist/[22m[2massets/[22m[35mResourceFiltersDropdown-BACE5ZTX.css                    [39m[1m[2m    3.26 kB[22m[22m[2m │ gzip:   0.68 kB[22m
[35mn8n-editor-ui:build: [0m[2mdist/[22m[2massets/[22m[35mSettingsLdapView-BuamZyhu.css                           [39m[1m[2m    3.26 kB[22m[22m[2m │ gzip:   0.70 kB[22m
[35mn8n-editor-ui:build: [0m[2mdist/[22m[2massets/[22m[35mProjectBreadcrumb-CAEDvzuN.css                          [39m[1m[2m    3.27 kB[22m[22m[2m │ gzip:   0.71 kB[22m
[35mn8n-editor-ui:build: [0m[2mdist/[22m[2massets/[22m[35mDataTableView-ByKnlVtU.css                              [39m[1m[2m    3.28 kB[22m[22m[2m │ gzip:   0.78 kB[22m
[35mn8n-editor-ui:build: [0m[2mdist/[22m[2massets/[22m[35mTemplatesWorkflowView-CBjRBbmw.css                      [39m[1m[2m    3.29 kB[22m[22m[2m │ gzip:   0.74 kB[22m
[35mn8n-editor-ui:build: [0m[2mdist/[22m[2massets/[22m[35mRunDataSearch-BvNE3iVy.css                              [39m[1m[2m    3.29 kB[22m[22m[2m │ gzip:   0.72 kB[22m
[35mn8n-editor-ui:build: [0m[2mdist/[22m[2massets/[22m[35mWorkflowExecutionsInfoAccordion-CEOvJ-SX.css            [39m[1m[2m    3.32 kB[22m[22m[2m │ gzip:   0.74 kB[22m
[35mn8n-editor-ui:build: [0m[2mdist/[22m[2massets/[22m[35mMainSidebarUserArea-yJKeCkOz.css                        [39m[1m[2m    3.33 kB[22m[22m[2m │ gzip:   0.70 kB[22m
[35mn8n-editor-ui:build: [0m[2mdist/[22m[2massets/[22m[35mInsightsTableWorkflows-D20Yb7ZW.css                     [39m[1m[2m    3.35 kB[22m[22m[2m │ gzip:   0.77 kB[22m
[35mn8n-editor-ui:build: [0m[2mdist/[22m[2massets/[22m[35mProviderSettingsModal-CZ44KI4I.css                      [39m[1m[2m    3.37 kB[22m[22m[2m │ gzip:   0.68 kB[22m
[35mn8n-editor-ui:build: [0m[2mdist/[22m[2massets/[22m[35museTelemetryContext-BpnKRIT7.css                        [39m[1m[2m    3.38 kB[22m[22m[2m │ gzip:   0.74 kB[22m
[35mn8n-editor-ui:build: [0m[2mdist/[22m[2massets/[22m[35mPrebuiltAgentTemplatesView-jF7HvWnL.css                 [39m[1m[2m    3.40 kB[22m[22m[2m │ gzip:   0.75 kB[22m
[35mn8n-editor-ui:build: [0m[2mdist/[22m[2massets/[22m[35mProjectCardBadge-XPHWNQHG.css                           [39m[1m[2m    3.41 kB[22m[22m[2m │ gzip:   0.76 kB[22m
[35mn8n-editor-ui:build: [0m[2mdist/[22m[2massets/[22m[35mProjectIcon-DT95ZcDW.css                                [39m[1m[2m    3.50 kB[22m[22m[2m │ gzip:   0.72 kB[22m
[35mn8n-editor-ui:build: [0m[2mdist/[22m[2massets/[22m[35mSettingsPersonalView-DEpYU3TT.css                       [39m[1m[2m    3.50 kB[22m[22m[2m │ gzip:   0.82 kB[22m
[35mn8n-editor-ui:build: [0m[2mdist/[22m[2massets/[22m[35mToolsSelectorModal-B2z9ibQ0.css                         [39m[1m[2m    3.63 kB[22m[22m[2m │ gzip:   0.73 kB[22m
[35mn8n-editor-ui:build: [0m[2mdist/[22m[2massets/[22m[35mChatFile-DMzpEB1j.css                                   [39m[1m[2m    3.63 kB[22m[22m[2m │ gzip:   0.85 kB[22m
[35mn8n-editor-ui:build: [0m[2mdist/[22m[2massets/[22m[35mCopyInput-BiDmlr9B.css                                  [39m[1m[2m    3.84 kB[22m[22m[2m │ gzip:   0.90 kB[22m
[35mn8n-editor-ui:build: [0m[2mdist/[22m[2massets/[22m[35mRunDataParsedAiContent-CvjNCtpG.css                     [39m[1m[2m    3.95 kB[22m[22m[2m │ gzip:   0.75 kB[22m
[35mn8n-editor-ui:build: [0m[2mdist/[22m[2massets/[22m[35mevaluation-CGxdCHrN.css                                 [39m[1m[2m    4.12 kB[22m[22m[2m │ gzip:   0.92 kB[22m
[35mn8n-editor-ui:build: [0m[2mdist/[22m[2massets/[22m[35mSettingsSourceControl-DEs9MNB6.css                      [39m[1m[2m    4.19 kB[22m[22m[2m │ gzip:   0.92 kB[22m
[35mn8n-editor-ui:build: [0m[2mdist/[22m[2massets/[22m[35mOAuthConsentView-CXZbBKS5.css                           [39m[1m[2m    4.44 kB[22m[22m[2m │ gzip:   0.95 kB[22m
[35mn8n-editor-ui:build: [0m[2mdist/[22m[2massets/[22m[35mTagsDropdown-Do1UB2LF.css                               [39m[1m[2m    4.95 kB[22m[22m[2m │ gzip:   1.12 kB[22m
[35mn8n-editor-ui:build: [0m[2mdist/[22m[2massets/[22m[35mFixedCollectionParameter-BLkaFn--.css                   [39m[1m[2m    5.10 kB[22m[22m[2m │ gzip:   0.96 kB[22m
[35mn8n-editor-ui:build: [0m[2mdist/[22m[2massets/[22m[35mInsightsDashboard-CttFeZVb.css                          [39m[1m[2m    5.35 kB[22m[22m[2m │ gzip:   1.39 kB[22m
[35mn8n-editor-ui:build: [0m[2mdist/[22m[2massets/[22m[35mTemplateDetails-DfyKyMyy.css                            [39m[1m[2m    5.40 kB[22m[22m[2m │ gzip:   0.65 kB[22m
[35mn8n-editor-ui:build: [0m[2mdist/[22m[2massets/[22m[35mbanners-UK5wWFEI.css                                    [39m[1m[2m    5.44 kB[22m[22m[2m │ gzip:   0.67 kB[22m
[35mn8n-editor-ui:build: [0m[2mdist/[22m[2massets/[22m[35mCommunityNodeUpdateInfo-kPDiipF5.css                    [39m[1m[2m    5.52 kB[22m[22m[2m │ gzip:   0.69 kB[22m
[35mn8n-editor-ui:build: [0m[2mdist/[22m[2massets/[22m[35mrouter-zBt63VWY.css                                     [39m[1m[2m    5.72 kB[22m[22m[2m │ gzip:   0.75 kB[22m
[35mn8n-editor-ui:build: [0m[2mdist/[22m[2massets/[22m[35mAuthView-Dg9ZkCud.css                                   [39m[1m[2m    5.80 kB[22m[22m[2m │ gzip:   0.80 kB[22m
[35mn8n-editor-ui:build: [0m[2mdist/[22m[2massets/[22m[35mModal-DNkRJkUt.css                                      [39m[1m[2m    5.90 kB[22m[22m[2m │ gzip:   0.81 kB[22m
[35mn8n-editor-ui:build: [0m[2mdist/[22m[2massets/[22m[35mTemplatesView-iSPzXjQB.css                              [39m[1m[2m    5.92 kB[22m[22m[2m │ gzip:   0.82 kB[22m
[35mn8n-editor-ui:build: [0m[2mdist/[22m[2massets/[22m[35mSettingsView-6sirGv9l.css                               [39m[1m[2m    6.01 kB[22m[22m[2m │ gzip:   0.85 kB[22m
[35mn8n-editor-ui:build: [0m[2mdist/[22m[2massets/[22m[35mSettingsLogStreamingView-xo-rTSA0.css                   [39m[1m[2m    6.02 kB[22m[22m[2m │ gzip:   0.91 kB[22m
[35mn8n-editor-ui:build: [0m[2mdist/[22m[2massets/[22m[35mToolsSelector-c0JLeQuJ.css                              [39m[1m[2m    6.03 kB[22m[22m[2m │ gzip:   0.88 kB[22m
[35mn8n-editor-ui:build: [0m[2mdist/[22m[2massets/[22m[35mCredentialsView-BDOl2A0w.css                            [39m[1m[2m    6.03 kB[22m[22m[2m │ gzip:   0.90 kB[22m
[35mn8n-editor-ui:build: [0m[2mdist/[22m[2massets/[22m[35mInsightsSummary-CnaRV949.css                            [39m[1m[2m    6.17 kB[22m[22m[2m │ gzip:   1.35 kB[22m
[35mn8n-editor-ui:build: [0m[2mdist/[22m[2massets/[22m[35mProjectSharing-DsD3YT5P.css                             [39m[1m[2m    6.18 kB[22m[22m[2m │ gzip:   0.86 kB[22m
[35mn8n-editor-ui:build: [0m[2mdist/[22m[2massets/[22m[35mCredentialPicker-CUNAJHH6.css                           [39m[1m[2m    6.25 kB[22m[22m[2m │ gzip:   0.97 kB[22m
[35mn8n-editor-ui:build: [0m[2mdist/[22m[2massets/[22m[35mAddDataTableModal-CZuODwEx.css                          [39m[1m[2m    6.36 kB[22m[22m[2m │ gzip:   1.30 kB[22m
[35mn8n-editor-ui:build: [0m[2mdist/[22m[2massets/[22m[35mProjectHeader-DMoL829v.css                              [39m[1m[2m    6.43 kB[22m[22m[2m │ gzip:   1.00 kB[22m
[35mn8n-editor-ui:build: [0m[2mdist/[22m[2massets/[22m[35mSettingsCommunityNodesView-m7kLUpJK.css                 [39m[1m[2m    6.49 kB[22m[22m[2m │ gzip:   0.98 kB[22m
[35mn8n-editor-ui:build: [0m[2mdist/[22m[2massets/[22m[35mSettingsApiView-Dtl_N9mK.css                            [39m[1m[2m    6.64 kB[22m[22m[2m │ gzip:   1.05 kB[22m
[35mn8n-editor-ui:build: [0m[2mdist/[22m[2massets/[22m[35mChatAgentsView-bU9DF47q.css                             [39m[1m[2m    7.11 kB[22m[22m[2m │ gzip:   1.15 kB[22m
[35mn8n-editor-ui:build: [0m[2mdist/[22m[2massets/[22m[35mRunDataJson-LufoUTRy.css                                [39m[1m[2m    7.26 kB[22m[22m[2m │ gzip:   1.10 kB[22m
[35mn8n-editor-ui:build: [0m[2mdist/[22m[2massets/[22m[35mAlert-BA2uuWjw.css                                      [39m[1m[2m    7.28 kB[22m[22m[2m │ gzip:   1.11 kB[22m
[35mn8n-editor-ui:build: [0m[2mdist/[22m[2massets/[22m[35mRunDataTable-HBCyaP8o.css                               [39m[1m[2m    7.72 kB[22m[22m[2m │ gzip:   1.68 kB[22m
[35mn8n-editor-ui:build: [0m[2mdist/[22m[2massets/[22m[35mWorkflowActivator-DSgMORP6.css                          [39m[1m[2m    8.03 kB[22m[22m[2m │ gzip:   0.78 kB[22m
[35mn8n-editor-ui:build: [0m[2mdist/[22m[2massets/[22m[35mSetupTemplateFormStep-n3VY06cx.css                      [39m[1m[2m    8.25 kB[22m[22m[2m │ gzip:   0.83 kB[22m
[35mn8n-editor-ui:build: [0m[2mdist/[22m[2massets/[22m[35mNodeDetailsViewV2-UDZPnGp5.css                          [39m[1m[2m    8.25 kB[22m[22m[2m │ gzip:   1.45 kB[22m
[35mn8n-editor-ui:build: [0m[2mdist/[22m[2massets/[22m[35mTestRunDetailView-CVGty0j0.css                          [39m[1m[2m    8.39 kB[22m[22m[2m │ gzip:   1.49 kB[22m
[35mn8n-editor-ui:build: [0m[2mdist/[22m[2massets/[22m[35mProjectVariables-CVX3Lygi.css                           [39m[1m[2m    8.87 kB[22m[22m[2m │ gzip:   1.06 kB[22m
[35mn8n-editor-ui:build: [0m[2mdist/[22m[2massets/[22m[35mSettingsUsersView-CfJcVjkl.css                          [39m[1m[2m    9.32 kB[22m[22m[2m │ gzip:   1.15 kB[22m
[35mn8n-editor-ui:build: [0m[2mdist/[22m[2massets/[22m[35mProjectSettings-vir6puPd.css                            [39m[1m[2m    9.72 kB[22m[22m[2m │ gzip:   1.17 kB[22m
[35mn8n-editor-ui:build: [0m[2mdist/[22m[2massets/[22m[35mSettingsUsageAndPlan-DtlseKWr.css                       [39m[1m[2m    9.83 kB[22m[22m[2m │ gzip:   1.22 kB[22m
[35mn8n-editor-ui:build: [0m[2mdist/[22m[2massets/[22m[35mExecutionsTime-BpajgDjV.css                             [39m[1m[2m    9.95 kB[22m[22m[2m │ gzip:   1.25 kB[22m
[35mn8n-editor-ui:build: [0m[2mdist/[22m[2massets/[22m[35mTemplateList-CNUtq0N7.css                               [39m[1m[2m   10.03 kB[22m[22m[2m │ gzip:   1.21 kB[22m
[35mn8n-editor-ui:build: [0m[2mdist/[22m[2massets/[22m[35mVirtualSchema-BbtSmmYz.css                              [39m[1m[2m   10.14 kB[22m[22m[2m │ gzip:   2.23 kB[22m
[35mn8n-editor-ui:build: [0m[2mdist/[22m[2massets/[22m[35mResourcesListLayout-B5k0oRW7.css                        [39m[1m[2m   10.30 kB[22m[22m[2m │ gzip:   1.32 kB[22m
[35mn8n-editor-ui:build: [0m[2mdist/[22m[2massets/[22m[35mExecutionsView-DP5OXlS4.css                             [39m[1m[2m   11.05 kB[22m[22m[2m │ gzip:   1.05 kB[22m
[35mn8n-editor-ui:build: [0m[2mdist/[22m[2massets/[22m[35mSettingsSso-DPkEVc10.css                                [39m[1m[2m   11.98 kB[22m[22m[2m │ gzip:   1.16 kB[22m
[35mn8n-editor-ui:build: [0m[2mdist/[22m[2massets/[22m[35mEvaluationsView-CmcDUAS_.css                            [39m[1m[2m   12.06 kB[22m[22m[2m │ gzip:   1.28 kB[22m
[35mn8n-editor-ui:build: [0m[2mdist/[22m[2massets/[22m[35mEvaluationsRootView-D22182Fd.css                        [39m[1m[2m   12.34 kB[22m[22m[2m │ gzip:   1.30 kB[22m
[35mn8n-editor-ui:build: [0m[2mdist/[22m[2massets/[22m[35museLogsTreeExpand-nZMKe2ps.css                          [39m[1m[2m   12.61 kB[22m[22m[2m │ gzip:   1.84 kB[22m
[35mn8n-editor-ui:build: [0m[2mdist/[22m[2massets/[22m[35mChatSidebar-plErV6K1.css                                [39m[1m[2m   13.20 kB[22m[22m[2m │ gzip:   1.51 kB[22m
[35mn8n-editor-ui:build: [0m[2mdist/[22m[2massets/[22m[35mNodeDetailsView-Dy4A-9xj.css                            [39m[1m[2m   13.82 kB[22m[22m[2m │ gzip:   1.64 kB[22m
[35mn8n-editor-ui:build: [0m[2mdist/[22m[2massets/[22m[35mWorkflowHistory-BmerBiKz.css                            [39m[1m[2m   14.41 kB[22m[22m[2m │ gzip:   1.59 kB[22m
[35mn8n-editor-ui:build: [0m[2mdist/[22m[2massets/[22m[35mWorkflowExecutionsPreview-BkXT82z5.css                  [39m[1m[2m   15.45 kB[22m[22m[2m │ gzip:   1.94 kB[22m
[35mn8n-editor-ui:build: [0m[2mdist/[22m[2massets/[22m[35mWorkflowExecutionsView-J4lWGYW8.css                     [39m[1m[2m   16.60 kB[22m[22m[2m │ gzip:   1.85 kB[22m
[35mn8n-editor-ui:build: [0m[2mdist/[22m[2massets/[22m[35mNodeView-CnbgHMAv.css                                   [39m[1m[2m   18.76 kB[22m[22m[2m │ gzip:   2.07 kB[22m
[35mn8n-editor-ui:build: [0m[2mdist/[22m[2massets/[22m[35mTemplatesSearchView-BfT0LMil.css                        [39m[1m[2m   19.49 kB[22m[22m[2m │ gzip:   1.94 kB[22m
[35mn8n-editor-ui:build: [0m[2mdist/[22m[2massets/[22m[35mWorkerView-4m_NaoAx.css                                 [39m[1m[2m   20.16 kB[22m[22m[2m │ gzip:   1.38 kB[22m
[35mn8n-editor-ui:build: [0m[2mdist/[22m[2massets/[22m[35mMainHeader-BgS_7Hqu.css                                 [39m[1m[2m   22.97 kB[22m[22m[2m │ gzip:   2.03 kB[22m
[35mn8n-editor-ui:build: [0m[2mdist/[22m[2massets/[22m[35mMainSidebar-Cxu_1AUX.css                                [39m[1m[2m   23.03 kB[22m[22m[2m │ gzip:   2.07 kB[22m
[35mn8n-editor-ui:build: [0m[2mdist/[22m[2massets/[22m[35mTriggerPanel-BjsM2DGf.css                               [39m[1m[2m   25.58 kB[22m[22m[2m │ gzip:   2.65 kB[22m
[35mn8n-editor-ui:build: [0m[2mdist/[22m[2massets/[22m[35mSettingsMCPView-BL9rkSWq.css                            [39m[1m[2m   26.77 kB[22m[22m[2m │ gzip:   1.99 kB[22m
[35mn8n-editor-ui:build: [0m[2mdist/[22m[2massets/[22m[35mChatView-CnbqvJgs.css                                   [39m[1m[2m   28.47 kB[22m[22m[2m │ gzip:   3.16 kB[22m
[35mn8n-editor-ui:build: [0m[2mdist/[22m[2massets/[22m[35mDataTableDetailsView-BmITjGF6.css                       [39m[1m[2m   29.82 kB[22m[22m[2m │ gzip:   2.70 kB[22m
[35mn8n-editor-ui:build: [0m[2mdist/[22m[2massets/[22m[35mNodeCreator-JpUhf2LN.css                                [39m[1m[2m   36.26 kB[22m[22m[2m │ gzip:   3.17 kB[22m
[35mn8n-editor-ui:build: [0m[2mdist/[22m[2massets/[22m[35mItemsRenderer-Cr6c6uYy.css                              [39m[1m[2m   39.12 kB[22m[22m[2m │ gzip:   2.46 kB[22m
[35mn8n-editor-ui:build: [0m[2mdist/[22m[2massets/[22m[35mNodeSettings-G-y4BNzt.css                               [39m[1m[2m   39.98 kB[22m[22m[2m │ gzip:   3.68 kB[22m
[35mn8n-editor-ui:build: [0m[2mdist/[22m[2massets/[22m[35mWorkflowsView-CLgqCjRp.css                              [39m[1m[2m   40.33 kB[22m[22m[2m │ gzip:   3.05 kB[22m
[35mn8n-editor-ui:build: [0m[2mdist/[22m[2massets/[22m[35misEmpty-BaVr_6yu.css                                    [39m[1m[2m   48.37 kB[22m[22m[2m │ gzip:   4.09 kB[22m
[35mn8n-editor-ui:build: [0m[2mdist/[22m[2massets/[22m[35mLogsPanel-xSodDRmo.css                                  [39m[1m[2m   74.30 kB[22m[22m[2m │ gzip:   5.55 kB[22m
[35mn8n-editor-ui:build: [0m[2mdist/[22m[2massets/[22m[35museCanvasMapping-NNxQMzFq.css                           [39m[1m[2m  110.98 kB[22m[22m[2m │ gzip:   6.71 kB[22m
[35mn8n-editor-ui:build: [0m[2mdist/[22m[2massets/[22m[35mParameterInputList-TPvfhJkn.css                         [39m[1m[2m  179.43 kB[22m[22m[2m │ gzip:  11.94 kB[22m
[35mn8n-editor-ui:build: [0m[2mdist/[22m[2massets/[22m[35msrc-D76UnH0P.css                                        [39m[1m[2m  388.39 kB[22m[22m[2m │ gzip:  26.36 kB[22m
[35mn8n-editor-ui:build: [0m[2mdist/[22m[2massets/[22m[35mindex-DKoJL5Jk.css                                      [39m[1m[2m  672.61 kB[22m[22m[2m │ gzip:  65.85 kB[22m
[35mn8n-editor-ui:build: [0m[2mdist/[22m[2massets/[22m[36men-BD3FHSTF.js                                          [39m[1m[2m    0.08 kB[22m[22m[2m │ gzip:   0.08 kB[22m
[35mn8n-editor-ui:build: [0m[2mdist/[22m[2massets/[22m[36msourceControl.eventBus-CS2dyPWO.js                      [39m[1m[2m    0.14 kB[22m[22m[2m │ gzip:   0.12 kB[22m
[35mn8n-editor-ui:build: [0m[2mdist/[22m[2massets/[22m[36mcore-DNyEixOf.js                                        [39m[1m[2m    0.20 kB[22m[22m[2m │ gzip:   0.16 kB[22m
[35mn8n-editor-ui:build: [0m[2mdist/[22m[2massets/[22m[36m_plugin-vue_export-helper-BwBpWJRZ.js                   [39m[1m[2m    0.22 kB[22m[22m[2m │ gzip:   0.16 kB[22m
[35mn8n-editor-ui:build: [0m[2mdist/[22m[2massets/[22m[36msmartDecimal-Bnk1P3MO.js                                [39m[1m[2m    0.23 kB[22m[22m[2m │ gzip:   0.17 kB[22m
[35mn8n-editor-ui:build: [0m[2mdist/[22m[2massets/[22m[36mauth.eventBus-DcH9Gj88.js                               [39m[1m[2m    0.27 kB[22m[22m[2m │ gzip:   0.15 kB[22m
[35mn8n-editor-ui:build: [0m[2mdist/[22m[2massets/[22m[36msortByProperty-DeupcrDk.js                              [39m[1m[2m    0.28 kB[22m[22m[2m │ gzip:   0.20 kB[22m
[35mn8n-editor-ui:build: [0m[2mdist/[22m[2massets/[22m[36mmcp.constants-BEZmLv14.js                               [39m[1m[2m    0.29 kB[22m[22m[2m │ gzip:   0.20 kB[22m
[35mn8n-editor-ui:build: [0m[2mdist/[22m[2massets/[22m[36mRunDataHtml-DR2br--H.js                                 [39m[1m[2m    0.31 kB[22m[22m[2m │ gzip:   0.21 kB[22m
[35mn8n-editor-ui:build: [0m[2mdist/[22m[2massets/[22m[36muniqBy-v2rlPCse.js                                      [39m[1m[2m    0.49 kB[22m[22m[2m │ gzip:   0.29 kB[22m
[35mn8n-editor-ui:build: [0m[2mdist/[22m[2massets/[22m[36mfileUtils-BIVczUdz.js                                   [39m[1m[2m    0.60 kB[22m[22m[2m │ gzip:   0.35 kB[22m
[35mn8n-editor-ui:build: [0m[2mdist/[22m[2massets/[22m[36mretry-CalJieID.js                                       [39m[1m[2m    0.68 kB[22m[22m[2m │ gzip:   0.35 kB[22m
[35mn8n-editor-ui:build: [0m[2mdist/[22m[2massets/[22m[36morderBy-CN998iH_.js                                     [39m[1m[2m    0.73 kB[22m[22m[2m │ gzip:   0.36 kB[22m
[35mn8n-editor-ui:build: [0m[2mdist/[22m[2massets/[22m[36museIntersectionObserver-DX3d3xXy.js                     [39m[1m[2m    0.77 kB[22m[22m[2m │ gzip:   0.36 kB[22m
[35mn8n-editor-ui:build: [0m[2mdist/[22m[2massets/[22m[36museStyles-DhM0cpS7.js                                   [39m[1m[2m    0.84 kB[22m[22m[2m │ gzip:   0.50 kB[22m
[35mn8n-editor-ui:build: [0m[2mdist/[22m[2massets/[22m[36mpickBy-DbcPw5qs.js                                      [39m[1m[2m    0.84 kB[22m[22m[2m │ gzip:   0.40 kB[22m
[35mn8n-editor-ui:build: [0m[2mdist/[22m[2massets/[22m[36mVueMarkdown-DdZIjv8P.js                                 [39m[1m[2m    0.85 kB[22m[22m[2m │ gzip:   0.45 kB[22m
[35mn8n-editor-ui:build: [0m[2mdist/[22m[2massets/[22m[36mEnterpriseEdition.ee-BTL7smx8.js                        [39m[1m[2m    0.86 kB[22m[22m[2m │ gzip:   0.47 kB[22m
[35mn8n-editor-ui:build: [0m[2mdist/[22m[2massets/[22m[36museExecutionData-C2DBD1Yl.js                            [39m[1m[2m    0.89 kB[22m[22m[2m │ gzip:   0.40 kB[22m
[35mn8n-editor-ui:build: [0m[2mdist/[22m[2massets/[22m[36museExternalHooks-BF8NGLdi.js                            [39m[1m[2m    0.93 kB[22m[22m[2m │ gzip:   0.45 kB[22m
[35mn8n-editor-ui:build: [0m[2mdist/[22m[2massets/[22m[36mPageViewLayout-DM7e7tnO.js                              [39m[1m[2m    0.95 kB[22m[22m[2m │ gzip:   0.46 kB[22m
[35mn8n-editor-ui:build: [0m[2mdist/[22m[2massets/[22m[36mRunDataParsedAiContent-96pwKgBi.js                      [39m[1m[2m    1.07 kB[22m[22m[2m │ gzip:   0.52 kB[22m
[35mn8n-editor-ui:build: [0m[2mdist/[22m[2massets/[22m[36museMcp-CN4Ytbc9.js                                      [39m[1m[2m    1.07 kB[22m[22m[2m │ gzip:   0.49 kB[22m
[35mn8n-editor-ui:build: [0m[2mdist/[22m[2massets/[22m[36muserRoleProvisioning.store-4-dkojxU.js                  [39m[1m[2m    1.25 kB[22m[22m[2m │ gzip:   0.45 kB[22m
[35mn8n-editor-ui:build: [0m[2mdist/[22m[2massets/[22m[36mSignoutView-VAfGhsTJ.js                                 [39m[1m[2m    1.32 kB[22m[22m[2m │ gzip:   0.69 kB[22m
[35mn8n-editor-ui:build: [0m[2mdist/[22m[2massets/[22m[36museBeforeUnload-DP96bjMK.js                             [39m[1m[2m    1.35 kB[22m[22m[2m │ gzip:   0.59 kB[22m
[35mn8n-editor-ui:build: [0m[2mdist/[22m[2massets/[22m[36mconstants-D2fYduVh.js                                   [39m[1m[2m    1.35 kB[22m[22m[2m │ gzip:   0.59 kB[22m
[35mn8n-editor-ui:build: [0m[2mdist/[22m[2massets/[22m[36mRunDataHtml-C869KLeL.js                                 [39m[1m[2m    1.43 kB[22m[22m[2m │ gzip:   0.68 kB[22m
[35mn8n-editor-ui:build: [0m[2mdist/[22m[2massets/[22m[36museChatHubSidebarState-Dx1JP7kP.js                      [39m[1m[2m    1.46 kB[22m[22m[2m │ gzip:   0.64 kB[22m
[35mn8n-editor-ui:build: [0m[2mdist/[22m[2massets/[22m[36mEmptySharedSectionActionBox-Ct1RtlYw.js                 [39m[1m[2m    1.49 kB[22m[22m[2m │ gzip:   0.75 kB[22m
[35mn8n-editor-ui:build: [0m[2mdist/[22m[2massets/[22m[36museClipboard-C7BK8Cnl.js                                [39m[1m[2m    1.52 kB[22m[22m[2m │ gzip:   0.70 kB[22m
[35mn8n-editor-ui:build: [0m[2mdist/[22m[2massets/[22m[36museTelemetryContext-B4R38-id.js                         [39m[1m[2m    1.60 kB[22m[22m[2m │ gzip:   0.72 kB[22m
[35mn8n-editor-ui:build: [0m[2mdist/[22m[2massets/[22m[36mAnimatedSpinner-BKvs0-tV.js                             [39m[1m[2m    1.69 kB[22m[22m[2m │ gzip:   0.62 kB[22m
[35mn8n-editor-ui:build: [0m[2mdist/[22m[2massets/[22m[36mVirtualSchema-G3H-2POA.js                               [39m[1m[2m    1.75 kB[22m[22m[2m │ gzip:   0.80 kB[22m
[35mn8n-editor-ui:build: [0m[2mdist/[22m[2massets/[22m[36mInsightsChartFailed-DDmoz7mu.js                         [39m[1m[2m    1.80 kB[22m[22m[2m │ gzip:   0.86 kB[22m
[35mn8n-editor-ui:build: [0m[2mdist/[22m[2massets/[22m[36mPushConnectionTracker-BkhDIdVl.js                       [39m[1m[2m    1.80 kB[22m[22m[2m │ gzip:   0.82 kB[22m
[35mn8n-editor-ui:build: [0m[2mdist/[22m[2massets/[22m[36mchunk-6z4oVpB-.js                                       [39m[1m[2m    1.87 kB[22m[22m[2m │ gzip:   0.83 kB[22m
[35mn8n-editor-ui:build: [0m[2mdist/[22m[2massets/[22m[36mKeyboardShortcutTooltip-OESghq9U.js                     [39m[1m[2m    1.92 kB[22m[22m[2m │ gzip:   0.78 kB[22m
[35mn8n-editor-ui:build: [0m[2mdist/[22m[2massets/[22m[36mapiKeys.store-C2Fj6RTY.js                               [39m[1m[2m    1.94 kB[22m[22m[2m │ gzip:   0.69 kB[22m
[35mn8n-editor-ui:build: [0m[2mdist/[22m[2massets/[22m[36mInsightsChartTotal-CrTGQtFh.js                          [39m[1m[2m    1.96 kB[22m[22m[2m │ gzip:   0.89 kB[22m
[35mn8n-editor-ui:build: [0m[2mdist/[22m[2massets/[22m[36mdateFormatter-B7o2wHo0.js                               [39m[1m[2m    1.98 kB[22m[22m[2m │ gzip:   0.68 kB[22m
[35mn8n-editor-ui:build: [0m[2mdist/[22m[2massets/[22m[36minsights.constants-BoP_B6zb.js                          [39m[1m[2m    2.00 kB[22m[22m[2m │ gzip:   0.72 kB[22m
[35mn8n-editor-ui:build: [0m[2mdist/[22m[2massets/[22m[36mSeverityTag-Dwfivlk9.js                                 [39m[1m[2m    2.06 kB[22m[22m[2m │ gzip:   0.88 kB[22m
[35mn8n-editor-ui:build: [0m[2mdist/[22m[2massets/[22m[36mInsightsChartFailureRate-ZdvngK5A.js                    [39m[1m[2m    2.07 kB[22m[22m[2m │ gzip:   0.96 kB[22m
[35mn8n-editor-ui:build: [0m[2mdist/[22m[2massets/[22m[36mWorkflowTagsDropdown-Dtr8VBG5.js                        [39m[1m[2m    2.10 kB[22m[22m[2m │ gzip:   0.86 kB[22m
[35mn8n-editor-ui:build: [0m[2mdist/[22m[2massets/[22m[36mpreload-helper-CR0ecmWK.js                              [39m[1m[2m    2.13 kB[22m[22m[2m │ gzip:   1.00 kB[22m
[35mn8n-editor-ui:build: [0m[2mdist/[22m[2massets/[22m[36mtemplateTransforms-ClSZY2OZ.js                          [39m[1m[2m    2.15 kB[22m[22m[2m │ gzip:   0.64 kB[22m
[35mn8n-editor-ui:build: [0m[2mdist/[22m[2massets/[22m[36mroles.store-DdTual4k.js                                 [39m[1m[2m    2.16 kB[22m[22m[2m │ gzip:   0.73 kB[22m
[35mn8n-editor-ui:build: [0m[2mdist/[22m[2massets/[22m[36mAnnotationTagsDropdown.ee-7CTLoukQ.js                   [39m[1m[2m    2.16 kB[22m[22m[2m │ gzip:   0.88 kB[22m
[35mn8n-editor-ui:build: [0m[2mdist/[22m[2massets/[22m[36mInsightsChartAverageRuntime-DFCshTrf.js                 [39m[1m[2m    2.28 kB[22m[22m[2m │ gzip:   1.04 kB[22m
[35mn8n-editor-ui:build: [0m[2mdist/[22m[2massets/[22m[36musePageRedirectionHelper-Bl48aelU.js                    [39m[1m[2m    2.29 kB[22m[22m[2m │ gzip:   0.79 kB[22m
[35mn8n-editor-ui:build: [0m[2mdist/[22m[2massets/[22m[36mLogsPanel-Cvk0Ub9j.js                                   [39m[1m[2m    2.33 kB[22m[22m[2m │ gzip:   1.04 kB[22m
[35mn8n-editor-ui:build: [0m[2mdist/[22m[2massets/[22m[36mCollectionParameter-DCcaVqo6.js                         [39m[1m[2m    2.36 kB[22m[22m[2m │ gzip:   1.05 kB[22m
[35mn8n-editor-ui:build: [0m[2mdist/[22m[2massets/[22m[36mInsightsChartTimeSaved-DUWo2QfB.js                      [39m[1m[2m    2.37 kB[22m[22m[2m │ gzip:   1.10 kB[22m
[35mn8n-editor-ui:build: [0m[2mdist/[22m[2massets/[22m[36mWorkflowOnboardingView-xjw-l0WV.js                      [39m[1m[2m    2.43 kB[22m[22m[2m │ gzip:   0.97 kB[22m
[35mn8n-editor-ui:build: [0m[2mdist/[22m[2massets/[22m[36mnodeTransforms-KJ5jJ7yf.js                              [39m[1m[2m    2.46 kB[22m[22m[2m │ gzip:   0.78 kB[22m
[35mn8n-editor-ui:build: [0m[2mdist/[22m[2massets/[22m[36mProjectIcon-jawKTRED.js                                 [39m[1m[2m    2.49 kB[22m[22m[2m │ gzip:   1.01 kB[22m
[35mn8n-editor-ui:build: [0m[2mdist/[22m[2massets/[22m[36mChatAgentAvatar-B8_3Dfs3.js                             [39m[1m[2m    2.54 kB[22m[22m[2m │ gzip:   1.01 kB[22m
[35mn8n-editor-ui:build: [0m[2mdist/[22m[2massets/[22m[36mSelectedItemsInfo-BHYSXfA_.js                           [39m[1m[2m    2.56 kB[22m[22m[2m │ gzip:   0.94 kB[22m
[35mn8n-editor-ui:build: [0m[2mdist/[22m[2massets/[22m[36mSamlOnboarding-gXer5iWP.js                              [39m[1m[2m    2.69 kB[22m[22m[2m │ gzip:   1.17 kB[22m
[35mn8n-editor-ui:build: [0m[2mdist/[22m[2massets/[22m[36mSetupWorkflowCredentialsButton-I_HygiIy.js              [39m[1m[2m    2.79 kB[22m[22m[2m │ gzip:   1.17 kB[22m
[35mn8n-editor-ui:build: [0m[2mdist/[22m[2massets/[22m[36museKeybindings-DwXdJG_l.js                              [39m[1m[2m    2.84 kB[22m[22m[2m │ gzip:   1.15 kB[22m
[35mn8n-editor-ui:build: [0m[2mdist/[22m[2massets/[22m[36mErrorView-DO9hSQMr.js                                   [39m[1m[2m    2.87 kB[22m[22m[2m │ gzip:   1.15 kB[22m
[35mn8n-editor-ui:build: [0m[2mdist/[22m[2massets/[22m[36mDemoFooter-CZvhr1Os.js                                  [39m[1m[2m    2.89 kB[22m[22m[2m │ gzip:   1.32 kB[22m
[35mn8n-editor-ui:build: [0m[2mdist/[22m[2massets/[22m[36mInsightsPaywall-kXnpavU5.js                             [39m[1m[2m    2.95 kB[22m[22m[2m │ gzip:   1.15 kB[22m
[35mn8n-editor-ui:build: [0m[2mdist/[22m[2massets/[22m[36mEntityUnAuthorised-BIPmhqKn.js                          [39m[1m[2m    2.98 kB[22m[22m[2m │ gzip:   1.24 kB[22m
[35mn8n-editor-ui:build: [0m[2mdist/[22m[2massets/[22m[36mTemplatesView-BiPQFZbc.js                               [39m[1m[2m    2.98 kB[22m[22m[2m │ gzip:   0.98 kB[22m
[35mn8n-editor-ui:build: [0m[2mdist/[22m[2massets/[22m[36mtemplateActions-B84apQEN.js                             [39m[1m[2m    3.02 kB[22m[22m[2m │ gzip:   1.02 kB[22m
[35mn8n-editor-ui:build: [0m[2mdist/[22m[2massets/[22m[36mNodeIcon-CXj9ycEa.js                                    [39m[1m[2m    3.03 kB[22m[22m[2m │ gzip:   1.05 kB[22m
[35mn8n-editor-ui:build: [0m[2mdist/[22m[2massets/[22m[36mTextWithHighlights-bwDYVgOs.js                          [39m[1m[2m    3.03 kB[22m[22m[2m │ gzip:   1.11 kB[22m
[35mn8n-editor-ui:build: [0m[2mdist/[22m[2massets/[22m[36minsights.store-xaaLWc5Y.js                              [39m[1m[2m    3.03 kB[22m[22m[2m │ gzip:   0.91 kB[22m
[35mn8n-editor-ui:build: [0m[2mdist/[22m[2massets/[22m[36mCopyInput-CyNP4stJ.js                                   [39m[1m[2m    3.13 kB[22m[22m[2m │ gzip:   1.20 kB[22m
[35mn8n-editor-ui:build: [0m[2mdist/[22m[2massets/[22m[36mEntityNotFound-DpRfdA9m.js                              [39m[1m[2m    3.18 kB[22m[22m[2m │ gzip:   1.16 kB[22m
[35mn8n-editor-ui:build: [0m[2mdist/[22m[2massets/[22m[36mSaveButton-DsKwLFsi.js                                  [39m[1m[2m    3.20 kB[22m[22m[2m │ gzip:   1.13 kB[22m
[35mn8n-editor-ui:build: [0m[2mdist/[22m[2massets/[22m[36mCredentialIcon-BJUZSNyJ.js                              [39m[1m[2m    3.23 kB[22m[22m[2m │ gzip:   1.14 kB[22m
[35mn8n-editor-ui:build: [0m[2mdist/[22m[2massets/[22m[36museExecutionHelpers-C-NH5kEG.js                         [39m[1m[2m    3.24 kB[22m[22m[2m │ gzip:   1.07 kB[22m
[35mn8n-editor-ui:build: [0m[2mdist/[22m[2massets/[22m[36mForgotMyPasswordView-BwL4SPxO.js                        [39m[1m[2m    3.54 kB[22m[22m[2m │ gzip:   1.43 kB[22m
[35mn8n-editor-ui:build: [0m[2mdist/[22m[2massets/[22m[36mSetupView-DakJGHmf.js                                   [39m[1m[2m    3.55 kB[22m[22m[2m │ gzip:   1.36 kB[22m
[35mn8n-editor-ui:build: [0m[2mdist/[22m[2massets/[22m[36mDataTableActions-C_ds4iZV.js                            [39m[1m[2m    3.62 kB[22m[22m[2m │ gzip:   1.23 kB[22m
[35mn8n-editor-ui:build: [0m[2mdist/[22m[2massets/[22m[36mmcp.store-DFjtZMts.js                                   [39m[1m[2m    3.68 kB[22m[22m[2m │ gzip:   1.12 kB[22m
[35mn8n-editor-ui:build: [0m[2mdist/[22m[2massets/[22m[36mProjectBreadcrumb-Co9bSksx.js                           [39m[1m[2m    3.69 kB[22m[22m[2m │ gzip:   1.30 kB[22m
[35mn8n-editor-ui:build: [0m[2mdist/[22m[2massets/[22m[36mschemaPreview.store-CpXk9E5O.js                         [39m[1m[2m    3.76 kB[22m[22m[2m │ gzip:   1.45 kB[22m
[35mn8n-editor-ui:build: [0m[2mdist/[22m[2massets/[22m[36m_initCloneObject-DYmL6eaQ.js                            [39m[1m[2m    3.77 kB[22m[22m[2m │ gzip:   1.17 kB[22m
[35mn8n-editor-ui:build: [0m[2mdist/[22m[2massets/[22m[36mFileSaver.min-BZ3jw69B.js                               [39m[1m[2m    3.82 kB[22m[22m[2m │ gzip:   1.59 kB[22m
[35mn8n-editor-ui:build: [0m[2mdist/[22m[2massets/[22m[36mnpsSurvey.store-Nfgm7tUA.js                             [39m[1m[2m    3.88 kB[22m[22m[2m │ gzip:   1.10 kB[22m
[35mn8n-editor-ui:build: [0m[2mdist/[22m[2massets/[22m[36museWorkflowActivate-BIy0haV5.js                         [39m[1m[2m    3.98 kB[22m[22m[2m │ gzip:   1.26 kB[22m
[35mn8n-editor-ui:build: [0m[2mdist/[22m[2massets/[22m[36minsights.utils-DoQUMEcm.js                              [39m[1m[2m    4.12 kB[22m[22m[2m │ gzip:   1.30 kB[22m
[35mn8n-editor-ui:build: [0m[2mdist/[22m[2massets/[22m[36musage.store-Cd9ednqO.js                                 [39m[1m[2m    4.12 kB[22m[22m[2m │ gzip:   1.25 kB[22m
[35mn8n-editor-ui:build: [0m[2mdist/[22m[2massets/[22m[36mAlert-DDbQg2JB.js                                       [39m[1m[2m    4.16 kB[22m[22m[2m │ gzip:   1.33 kB[22m
[35mn8n-editor-ui:build: [0m[2mdist/[22m[2massets/[22m[36mexternalSecrets.ee.store-B930hIGo.js                    [39m[1m[2m    4.23 kB[22m[22m[2m │ gzip:   1.28 kB[22m
[35mn8n-editor-ui:build: [0m[2mdist/[22m[2massets/[22m[36mnodeIcon-BkcvmShQ.js                                    [39m[1m[2m    4.24 kB[22m[22m[2m │ gzip:   1.28 kB[22m
[35mn8n-editor-ui:build: [0m[2mdist/[22m[2massets/[22m[36mchartjs.utils-7_hgtQCX.js                               [39m[1m[2m    4.29 kB[22m[22m[2m │ gzip:   1.05 kB[22m
[35mn8n-editor-ui:build: [0m[2mdist/[22m[2massets/[22m[36mTimeAgo-CL2oCIKF.js                                     [39m[1m[2m    4.30 kB[22m[22m[2m │ gzip:   1.63 kB[22m
[35mn8n-editor-ui:build: [0m[2mdist/[22m[2massets/[22m[36mMainSidebarUserArea-zytZsoqz.js                         [39m[1m[2m    4.35 kB[22m[22m[2m │ gzip:   1.56 kB[22m
[35mn8n-editor-ui:build: [0m[2mdist/[22m[2massets/[22m[36mchatPanel.store-NuoIXxhc.js                             [39m[1m[2m    4.39 kB[22m[22m[2m │ gzip:   1.31 kB[22m
[35mn8n-editor-ui:build: [0m[2mdist/[22m[2massets/[22m[36mcol-D_13aCgU.js                                         [39m[1m[2m    4.40 kB[22m[22m[2m │ gzip:   1.36 kB[22m
[35mn8n-editor-ui:build: [0m[2mdist/[22m[2massets/[22m[36mDraggable-BGItn3uk.js                                   [39m[1m[2m    4.53 kB[22m[22m[2m │ gzip:   1.51 kB[22m
[35mn8n-editor-ui:build: [0m[2mdist/[22m[2massets/[22m[36mSignupView-Bqj-Z4_y.js                                  [39m[1m[2m    4.55 kB[22m[22m[2m │ gzip:   1.67 kB[22m
[35mn8n-editor-ui:build: [0m[2mdist/[22m[2massets/[22m[36mAuthView-3gUHsV5k.js                                    [39m[1m[2m    4.58 kB[22m[22m[2m │ gzip:   1.56 kB[22m
[35mn8n-editor-ui:build: [0m[2mdist/[22m[2massets/[22m[36mdist-BbucLhyg.js                                        [39m[1m[2m    4.60 kB[22m[22m[2m │ gzip:   1.52 kB[22m
[35mn8n-editor-ui:build: [0m[2mdist/[22m[2massets/[22m[36museRecentResources-CPtkes_v.js                          [39m[1m[2m    4.68 kB[22m[22m[2m │ gzip:   1.54 kB[22m
[35mn8n-editor-ui:build: [0m[2mdist/[22m[2massets/[22m[36mTemplateCard-ieYaL9ZO.js                                [39m[1m[2m    4.79 kB[22m[22m[2m │ gzip:   1.80 kB[22m
[35mn8n-editor-ui:build: [0m[2mdist/[22m[2massets/[22m[36mChatFile-BbL40HHy.js                                    [39m[1m[2m    4.84 kB[22m[22m[2m │ gzip:   1.48 kB[22m
[35mn8n-editor-ui:build: [0m[2mdist/[22m[2massets/[22m[36men-b3uD8cvU.js                                          [39m[1m[2m    4.88 kB[22m[22m[2m │ gzip:   1.76 kB[22m
[35mn8n-editor-ui:build: [0m[2mdist/[22m[2massets/[22m[36museExecutionDebugging-BCVzFtMy.js                       [39m[1m[2m    4.89 kB[22m[22m[2m │ gzip:   1.73 kB[22m
[35mn8n-editor-ui:build: [0m[2mdist/[22m[2massets/[22m[36mChangePasswordView-BoF3bJdA.js                          [39m[1m[2m    5.02 kB[22m[22m[2m │ gzip:   1.78 kB[22m
[35mn8n-editor-ui:build: [0m[2mdist/[22m[2massets/[22m[36mWorkflowExecutionsLandingPage-DTdrr8me.js               [39m[1m[2m    5.02 kB[22m[22m[2m │ gzip:   1.74 kB[22m
[35mn8n-editor-ui:build: [0m[2mdist/[22m[2massets/[22m[36mModelByIdSelectorModal-BwfUUmTa.js                      [39m[1m[2m    5.06 kB[22m[22m[2m │ gzip:   1.79 kB[22m
[35mn8n-editor-ui:build: [0m[2mdist/[22m[2massets/[22m[36mdateformat-CMLc6OKJ.js                                  [39m[1m[2m    5.28 kB[22m[22m[2m │ gzip:   1.98 kB[22m
[35mn8n-editor-ui:build: [0m[2mdist/[22m[2massets/[22m[36museWorkflowsCache-BFBFVyvs.js                           [39m[1m[2m    5.30 kB[22m[22m[2m │ gzip:   1.44 kB[22m
[35mn8n-editor-ui:build: [0m[2mdist/[22m[2massets/[22m[36mChatSidebarOpener-CjNGUvn1.js                           [39m[1m[2m    5.39 kB[22m[22m[2m │ gzip:   2.07 kB[22m
[35mn8n-editor-ui:build: [0m[2mdist/[22m[2massets/[22m[36msso.store-BPJT1IG_.js                                   [39m[1m[2m    5.52 kB[22m[22m[2m │ gzip:   1.35 kB[22m
[35mn8n-editor-ui:build: [0m[2mdist/[22m[2massets/[22m[36museDebounce-DCYz-UHS.js                                 [39m[1m[2m    5.60 kB[22m[22m[2m │ gzip:   1.76 kB[22m
[35mn8n-editor-ui:build: [0m[2mdist/[22m[2massets/[22m[36mRunDataSearch-BaupcYPA.js                               [39m[1m[2m    5.60 kB[22m[22m[2m │ gzip:   2.05 kB[22m
[35mn8n-editor-ui:build: [0m[2mdist/[22m[2massets/[22m[36moverlay-BcmpJp1Q.js                                     [39m[1m[2m    5.73 kB[22m[22m[2m │ gzip:   1.96 kB[22m
[35mn8n-editor-ui:build: [0m[2mdist/[22m[2massets/[22m[36mCredentialSelectorModal-CWIdhstp.js                     [39m[1m[2m    6.11 kB[22m[22m[2m │ gzip:   1.91 kB[22m
[35mn8n-editor-ui:build: [0m[2mdist/[22m[2massets/[22m[36mcloudPlan.store-C8qdmaal.js                             [39m[1m[2m    6.46 kB[22m[22m[2m │ gzip:   2.02 kB[22m
[35mn8n-editor-ui:build: [0m[2mdist/[22m[2massets/[22m[36mTemplateDetails-D5SqKctp.js                             [39m[1m[2m    6.58 kB[22m[22m[2m │ gzip:   1.82 kB[22m
[35mn8n-editor-ui:build: [0m[2mdist/[22m[2massets/[22m[36mResourceFiltersDropdown-BMJcOf4G.js                     [39m[1m[2m    6.74 kB[22m[22m[2m │ gzip:   2.13 kB[22m
[35mn8n-editor-ui:build: [0m[2mdist/[22m[2massets/[22m[36mlogStreaming.store-B6jqB8_F.js                          [39m[1m[2m    6.75 kB[22m[22m[2m │ gzip:   1.74 kB[22m
[35mn8n-editor-ui:build: [0m[2mdist/[22m[2massets/[22m[36mModal-CFTawaCh.js                                       [39m[1m[2m    7.07 kB[22m[22m[2m │ gzip:   2.25 kB[22m
[35mn8n-editor-ui:build: [0m[2mdist/[22m[2massets/[22m[36mWorkflowPreview-DfGLPg9E.js                             [39m[1m[2m    7.24 kB[22m[22m[2m │ gzip:   2.11 kB[22m
[35mn8n-editor-ui:build: [0m[2mdist/[22m[2massets/[22m[36mexecutions.store-CFn-Ra32.js                            [39m[1m[2m    7.26 kB[22m[22m[2m │ gzip:   1.87 kB[22m
[35mn8n-editor-ui:build: [0m[2mdist/[22m[2massets/[22m[36mbanners.store-CjRLii07.js                               [39m[1m[2m    7.26 kB[22m[22m[2m │ gzip:   2.33 kB[22m
[35mn8n-editor-ui:build: [0m[2mdist/[22m[2massets/[22m[36mPrebuiltAgentTemplatesView-CD9JQ8AG.js                  [39m[1m[2m    7.27 kB[22m[22m[2m │ gzip:   1.90 kB[22m
[35mn8n-editor-ui:build: [0m[2mdist/[22m[2massets/[22m[36mversions.store-5b09l-W2.js                              [39m[1m[2m    7.57 kB[22m[22m[2m │ gzip:   2.28 kB[22m
[35mn8n-editor-ui:build: [0m[2mdist/[22m[2massets/[22m[36mTemplatesWorkflowView-CBfuIwJb.js                       [39m[1m[2m    7.72 kB[22m[22m[2m │ gzip:   2.44 kB[22m
[35mn8n-editor-ui:build: [0m[2mdist/[22m[2massets/[22m[36mRunDataParsedAiContent-DTf0s5t6.js                      [39m[1m[2m    7.81 kB[22m[22m[2m │ gzip:   2.54 kB[22m
[35mn8n-editor-ui:build: [0m[2mdist/[22m[2massets/[22m[36mTemplatesCollectionView-BrE9FreU.js                     [39m[1m[2m    8.06 kB[22m[22m[2m │ gzip:   2.53 kB[22m
[35mn8n-editor-ui:build: [0m[2mdist/[22m[2massets/[22m[36musePinnedData-Csu8YW4G.js                               [39m[1m[2m    8.08 kB[22m[22m[2m │ gzip:   2.38 kB[22m
[35mn8n-editor-ui:build: [0m[2mdist/[22m[2massets/[22m[36mCredentialPicker-BV_nGHsO.js                            [39m[1m[2m    8.08 kB[22m[22m[2m │ gzip:   2.31 kB[22m
[35mn8n-editor-ui:build: [0m[2mdist/[22m[2massets/[22m[36mTagsDropdown-kAVFxnAi.js                                [39m[1m[2m    8.10 kB[22m[22m[2m │ gzip:   2.62 kB[22m
[35mn8n-editor-ui:build: [0m[2mdist/[22m[2massets/[22m[36mdataTable.store-BofgRtXI.js                             [39m[1m[2m    8.28 kB[22m[22m[2m │ gzip:   2.13 kB[22m
[35mn8n-editor-ui:build: [0m[2mdist/[22m[2massets/[22m[36mfocusPanel.store-CpWGO_s5.js                            [39m[1m[2m    8.39 kB[22m[22m[2m │ gzip:   2.81 kB[22m
[35mn8n-editor-ui:build: [0m[2mdist/[22m[2massets/[22m[36mfolders.store-Tgb5rxNb.js                               [39m[1m[2m    8.41 kB[22m[22m[2m │ gzip:   2.29 kB[22m
[35mn8n-editor-ui:build: [0m[2mdist/[22m[2massets/[22m[36mWorkflowExecutionsInfoAccordion-D2iPqaWM.js             [39m[1m[2m    8.67 kB[22m[22m[2m │ gzip:   2.32 kB[22m
[35mn8n-editor-ui:build: [0m[2mdist/[22m[2massets/[22m[36mModalDrawer-BZr5_rHD.js                                 [39m[1m[2m    8.91 kB[22m[22m[2m │ gzip:   2.91 kB[22m
[35mn8n-editor-ui:build: [0m[2mdist/[22m[2massets/[22m[36mProjectCardBadge-RE_267Ai.js                            [39m[1m[2m    9.06 kB[22m[22m[2m │ gzip:   2.29 kB[22m
[35mn8n-editor-ui:build: [0m[2mdist/[22m[2massets/[22m[36mRunDataJson-BFLfNzVF.js                                 [39m[1m[2m    9.18 kB[22m[22m[2m │ gzip:   2.96 kB[22m
[35mn8n-editor-ui:build: [0m[2mdist/[22m[2massets/[22m[36mradio-RE4fJosP.js                                       [39m[1m[2m    9.47 kB[22m[22m[2m │ gzip:   2.53 kB[22m
[35mn8n-editor-ui:build: [0m[2mdist/[22m[2massets/[22m[36mSettingsView-CcACxeec.js                                [39m[1m[2m    9.58 kB[22m[22m[2m │ gzip:   2.65 kB[22m
[35mn8n-editor-ui:build: [0m[2mdist/[22m[2massets/[22m[36mInsightsTableWorkflows-BxAVO-9a.js                      [39m[1m[2m    9.89 kB[22m[22m[2m │ gzip:   3.06 kB[22m
[35mn8n-editor-ui:build: [0m[2mdist/[22m[2massets/[22m[36museActions-cpoJ3lRC.js                                  [39m[1m[2m    9.96 kB[22m[22m[2m │ gzip:   2.92 kB[22m
[35mn8n-editor-ui:build: [0m[2mdist/[22m[2massets/[22m[36mOAuthConsentView-CDSO2QPz.js                            [39m[1m[2m   10.13 kB[22m[22m[2m │ gzip:   2.80 kB[22m
[35mn8n-editor-ui:build: [0m[2mdist/[22m[2massets/[22m[36mpath-browserify-BnEsEkpq.js                             [39m[1m[2m   10.17 kB[22m[22m[2m │ gzip:   2.48 kB[22m
[35mn8n-editor-ui:build: [0m[2mdist/[22m[2massets/[22m[36mProjectRolesView-BpTS3sZW.js                            [39m[1m[2m   10.30 kB[22m[22m[2m │ gzip:   3.12 kB[22m
[35mn8n-editor-ui:build: [0m[2mdist/[22m[2massets/[22m[36mInsightsSummary-BhLWDY7u.js                             [39m[1m[2m   10.58 kB[22m[22m[2m │ gzip:   3.10 kB[22m
[35mn8n-editor-ui:build: [0m[2mdist/[22m[2massets/[22m[36museWorkflowSaving-Db8jW3Aj.js                           [39m[1m[2m   10.68 kB[22m[22m[2m │ gzip:   2.95 kB[22m
[35mn8n-editor-ui:build: [0m[2mdist/[22m[2massets/[22m[36mevaluation.constants-Br0rD8TS.js                        [39m[1m[2m   11.39 kB[22m[22m[2m │ gzip:   3.72 kB[22m
[35mn8n-editor-ui:build: [0m[2mdist/[22m[2massets/[22m[36mSettingsExternalSecrets-CzmwHKdQ.js                     [39m[1m[2m   11.39 kB[22m[22m[2m │ gzip:   3.20 kB[22m
[35mn8n-editor-ui:build: [0m[2mdist/[22m[2massets/[22m[36mNodeCreation-CpIVPNYq.js                                [39m[1m[2m   11.48 kB[22m[22m[2m │ gzip:   3.62 kB[22m
[35mn8n-editor-ui:build: [0m[2mdist/[22m[2massets/[22m[36mSetupTemplateFormStep-YOv_Zhlc.js                       [39m[1m[2m   11.54 kB[22m[22m[2m │ gzip:   3.18 kB[22m
[35mn8n-editor-ui:build: [0m[2mdist/[22m[2massets/[22m[36mAgentEditorModal-DcylPg7K.js                            [39m[1m[2m   11.65 kB[22m[22m[2m │ gzip:   3.06 kB[22m
[35mn8n-editor-ui:build: [0m[2mdist/[22m[2massets/[22m[36mProjectSharing-BoroUFEZ.js                              [39m[1m[2m   11.82 kB[22m[22m[2m │ gzip:   3.17 kB[22m
[35mn8n-editor-ui:build: [0m[2mdist/[22m[2massets/[22m[36mCommunityNodeUpdateInfo-BTOaSA4g.js                     [39m[1m[2m   11.87 kB[22m[22m[2m │ gzip:   3.27 kB[22m
[35mn8n-editor-ui:build: [0m[2mdist/[22m[2massets/[22m[36mpersonalizedTemplatesV3.store-DFA3xEZ1.js               [39m[1m[2m   11.88 kB[22m[22m[2m │ gzip:   3.11 kB[22m
[35mn8n-editor-ui:build: [0m[2mdist/[22m[2massets/[22m[36museBugReporting-D91sOWSC.js                             [39m[1m[2m   11.91 kB[22m[22m[2m │ gzip:   3.68 kB[22m
[35mn8n-editor-ui:build: [0m[2mdist/[22m[2massets/[22m[36mSetupWorkflowFromTemplateView-BcUAP58N.js               [39m[1m[2m   12.27 kB[22m[22m[2m │ gzip:   3.46 kB[22m
[35mn8n-editor-ui:build: [0m[2mdist/[22m[2massets/[22m[36mMigrationRuleDetail-CZxKx5Xi.js                         [39m[1m[2m   12.58 kB[22m[22m[2m │ gzip:   3.75 kB[22m
[35mn8n-editor-ui:build: [0m[2mdist/[22m[2massets/[22m[36mDataTableView-CG5e_o9X.js                               [39m[1m[2m   12.60 kB[22m[22m[2m │ gzip:   3.65 kB[22m
[35mn8n-editor-ui:build: [0m[2mdist/[22m[2massets/[22m[36mTemplateList-3vkVj0Uf.js                                [39m[1m[2m   12.69 kB[22m[22m[2m │ gzip:   3.09 kB[22m
[35mn8n-editor-ui:build: [0m[2mdist/[22m[2massets/[22m[36mToolsSelector-B6iETZC6.js                               [39m[1m[2m   13.36 kB[22m[22m[2m │ gzip:   3.90 kB[22m
[35mn8n-editor-ui:build: [0m[2mdist/[22m[2massets/[22m[36mProviderSettingsModal-CDH45Gv1.js                       [39m[1m[2m   13.69 kB[22m[22m[2m │ gzip:   3.37 kB[22m
[35mn8n-editor-ui:build: [0m[2mdist/[22m[2massets/[22m[36mdialog-kus8XhI8.js                                      [39m[1m[2m   13.71 kB[22m[22m[2m │ gzip:   4.08 kB[22m
[35mn8n-editor-ui:build: [0m[2mdist/[22m[2massets/[22m[36mSigninView-CUDcBNmX.js                                  [39m[1m[2m   13.75 kB[22m[22m[2m │ gzip:   3.99 kB[22m
[35mn8n-editor-ui:build: [0m[2mdist/[22m[2massets/[22m[36mChatAgentsView-7qwbeEUH.js                              [39m[1m[2m   13.81 kB[22m[22m[2m │ gzip:   3.85 kB[22m
[35mn8n-editor-ui:build: [0m[2mdist/[22m[2massets/[22m[36mSettingsApiView-Blhs6axB.js                             [39m[1m[2m   14.18 kB[22m[22m[2m │ gzip:   3.97 kB[22m
[35mn8n-editor-ui:build: [0m[2mdist/[22m[2massets/[22m[36mMigrationRules-DH2ZiaC0.js                              [39m[1m[2m   14.34 kB[22m[22m[2m │ gzip:   3.16 kB[22m
[35mn8n-editor-ui:build: [0m[2mdist/[22m[2massets/[22m[36mToolsSelectorModal-sI3C0tPt.js                          [39m[1m[2m   15.24 kB[22m[22m[2m │ gzip:   3.87 kB[22m
[35mn8n-editor-ui:build: [0m[2mdist/[22m[2massets/[22m[36mFixedCollectionParameter-BSB-su-E.js                    [39m[1m[2m   15.38 kB[22m[22m[2m │ gzip:   4.34 kB[22m
[35mn8n-editor-ui:build: [0m[2mdist/[22m[2massets/[22m[36museToast-DROUmD6j.js                                    [39m[1m[2m   16.29 kB[22m[22m[2m │ gzip:   5.37 kB[22m
[35mn8n-editor-ui:build: [0m[2mdist/[22m[2massets/[22m[36mSettingsPersonalView-VthnfrQY.js                        [39m[1m[2m   16.81 kB[22m[22m[2m │ gzip:   4.12 kB[22m
[35mn8n-editor-ui:build: [0m[2mdist/[22m[2massets/[22m[36mExternalSecretsProviderConnectionSwitch.ee-S11zQuez.js  [39m[1m[2m   16.88 kB[22m[22m[2m │ gzip:   8.21 kB[22m
[35mn8n-editor-ui:build: [0m[2mdist/[22m[2massets/[22m[36mSettingsCommunityNodesView-BsUfwtoM.js                  [39m[1m[2m   17.27 kB[22m[22m[2m │ gzip:   4.40 kB[22m
[35mn8n-editor-ui:build: [0m[2mdist/[22m[2massets/[22m[36mWorkflowActivator-BxQCjhcm.js                           [39m[1m[2m   17.30 kB[22m[22m[2m │ gzip:   4.59 kB[22m
[35mn8n-editor-ui:build: [0m[2mdist/[22m[2massets/[22m[36mProjectRoleView-D_Dq7iQh.js                             [39m[1m[2m   17.33 kB[22m[22m[2m │ gzip:   4.25 kB[22m
[35mn8n-editor-ui:build: [0m[2mdist/[22m[2massets/[22m[36mSettingsLogStreamingView-sdM3AMI8.js                    [39m[1m[2m   17.63 kB[22m[22m[2m │ gzip:   4.61 kB[22m
[35mn8n-editor-ui:build: [0m[2mdist/[22m[2massets/[22m[36mChatSidebar-CAPDFp2H.js                                 [39m[1m[2m   17.83 kB[22m[22m[2m │ gzip:   4.96 kB[22m
[35mn8n-editor-ui:build: [0m[2mdist/[22m[2massets/[22m[36mTestRunDetailView-DW4FowYG.js                           [39m[1m[2m   18.34 kB[22m[22m[2m │ gzip:   4.61 kB[22m
[35mn8n-editor-ui:build: [0m[2mdist/[22m[2massets/[22m[36mSettingsUsageAndPlan-C5d18Dxs.js                        [39m[1m[2m   18.46 kB[22m[22m[2m │ gzip:   4.55 kB[22m
[35mn8n-editor-ui:build: [0m[2mdist/[22m[2massets/[22m[36mEvaluationsView-C0yIrCg2.js                             [39m[1m[2m   18.82 kB[22m[22m[2m │ gzip:   5.03 kB[22m
[35mn8n-editor-ui:build: [0m[2mdist/[22m[2massets/[22m[36maiTemplatesStarterCollection.store-B4Wwi5yS.js          [39m[1m[2m   19.69 kB[22m[22m[2m │ gzip:   5.07 kB[22m
[35mn8n-editor-ui:build: [0m[2mdist/[22m[2massets/[22m[36mreadyToRun.store-BlnZ8-Y4.js                            [39m[1m[2m   20.03 kB[22m[22m[2m │ gzip:   4.99 kB[22m
[35mn8n-editor-ui:build: [0m[2mdist/[22m[2massets/[22m[36mProjectVariables-Bu4YXsg2.js                            [39m[1m[2m   20.92 kB[22m[22m[2m │ gzip:   5.68 kB[22m
[35mn8n-editor-ui:build: [0m[2mdist/[22m[2massets/[22m[36mCredentialsView-D_QTCBHb.js                             [39m[1m[2m   21.43 kB[22m[22m[2m │ gzip:   5.98 kB[22m
[35mn8n-editor-ui:build: [0m[2mdist/[22m[2massets/[22m[36musePushConnection-Co-n6gr1.js                           [39m[1m[2m   21.68 kB[22m[22m[2m │ gzip:   5.23 kB[22m
[35mn8n-editor-ui:build: [0m[2mdist/[22m[2massets/[22m[36micon-D-cba1AS.js                                        [39m[1m[2m   21.87 kB[22m[22m[2m │ gzip:   5.07 kB[22m
[35mn8n-editor-ui:build: [0m[2mdist/[22m[2massets/[22m[36museMessage-DBJNcjly.js                                  [39m[1m[2m   22.49 kB[22m[22m[2m │ gzip:   5.87 kB[22m
[35mn8n-editor-ui:build: [0m[2mdist/[22m[2massets/[22m[36mInsightsDashboard-Bi7rSxsu.js                           [39m[1m[2m   22.62 kB[22m[22m[2m │ gzip:   6.03 kB[22m
[35mn8n-editor-ui:build: [0m[2mdist/[22m[2massets/[22m[36mExecutionsTime-YH1iwLR8.js                              [39m[1m[2m   22.97 kB[22m[22m[2m │ gzip:   4.67 kB[22m
[35mn8n-editor-ui:build: [0m[2mdist/[22m[2massets/[22m[36mWorkerView-CNXQB6Ct.js                                  [39m[1m[2m   23.87 kB[22m[22m[2m │ gzip:   5.73 kB[22m
[35mn8n-editor-ui:build: [0m[2mdist/[22m[2massets/[22m[36mEvaluationsRootView-CrC1MMxh.js                         [39m[1m[2m   24.07 kB[22m[22m[2m │ gzip:   5.11 kB[22m
[35mn8n-editor-ui:build: [0m[2mdist/[22m[2massets/[22m[36mProjectHeader-OGzggyjW.js                               [39m[1m[2m   24.56 kB[22m[22m[2m │ gzip:   5.69 kB[22m
[35mn8n-editor-ui:build: [0m[2mdist/[22m[2massets/[22m[36mbuttons.esm-B-kjZ1k2.js                                 [39m[1m[2m   24.60 kB[22m[22m[2m │ gzip:   7.53 kB[22m
[35mn8n-editor-ui:build: [0m[2mdist/[22m[2massets/[22m[36mSettingsSourceControl-BIZ7EbYa.js                       [39m[1m[2m   25.10 kB[22m[22m[2m │ gzip:   4.98 kB[22m
[35mn8n-editor-ui:build: [0m[2mdist/[22m[2massets/[22m[36mResourcesListLayout-DKY09X_C.js                         [39m[1m[2m   26.82 kB[22m[22m[2m │ gzip:   6.64 kB[22m
[35mn8n-editor-ui:build: [0m[2mdist/[22m[2massets/[22m[36mmerge-2Y3fP1eu.js                                       [39m[1m[2m   27.11 kB[22m[22m[2m │ gzip:   5.68 kB[22m
[35mn8n-editor-ui:build: [0m[2mdist/[22m[2massets/[22m[36mRunDataTable-BBXi-nDl.js                                [39m[1m[2m   27.41 kB[22m[22m[2m │ gzip:   6.71 kB[22m
[35mn8n-editor-ui:build: [0m[2mdist/[22m[2massets/[22m[36mWorkflowExecutionsPreview-BQxsC-MY.js                   [39m[1m[2m   28.22 kB[22m[22m[2m │ gzip:   6.11 kB[22m
[35mn8n-editor-ui:build: [0m[2mdist/[22m[2massets/[22m[36mchat.store-qmjgRhCb.js                                  [39m[1m[2m   28.63 kB[22m[22m[2m │ gzip:   6.22 kB[22m
[35mn8n-editor-ui:build: [0m[2mdist/[22m[2massets/[22m[36mWorkflowHistory-DISyJn9R.js                             [39m[1m[2m   30.03 kB[22m[22m[2m │ gzip:   7.10 kB[22m
[35mn8n-editor-ui:build: [0m[2mdist/[22m[2massets/[22m[36mSettingsUsersView-CSEUwm1g.js                           [39m[1m[2m   32.47 kB[22m[22m[2m │ gzip:   7.29 kB[22m
[35mn8n-editor-ui:build: [0m[2mdist/[22m[2massets/[22m[36mWorkflowExecutionsView-BUNHCc_D.js                      [39m[1m[2m   34.18 kB[22m[22m[2m │ gzip:   7.96 kB[22m
[35mn8n-editor-ui:build: [0m[2mdist/[22m[2massets/[22m[36mExecutionsView-BdGNjlJW.js                              [39m[1m[2m   36.27 kB[22m[22m[2m │ gzip:   7.97 kB[22m
[35mn8n-editor-ui:build: [0m[2mdist/[22m[2massets/[22m[36museLogsTreeExpand-B89LoqxL.js                           [39m[1m[2m   37.00 kB[22m[22m[2m │ gzip:   9.45 kB[22m
[35mn8n-editor-ui:build: [0m[2mdist/[22m[2massets/[22m[36museRunWorkflow-XYXM_1sN.js                              [39m[1m[2m   37.07 kB[22m[22m[2m │ gzip:   9.60 kB[22m
[35mn8n-editor-ui:build: [0m[2mdist/[22m[2massets/[22m[36mxml-BP5i5VLm.js                                         [39m[1m[2m   37.19 kB[22m[22m[2m │ gzip:   7.70 kB[22m
[35mn8n-editor-ui:build: [0m[2mdist/[22m[2massets/[22m[36mItemsRenderer-BoNIGC5E.js                               [39m[1m[2m   37.64 kB[22m[22m[2m │ gzip:   8.04 kB[22m
[35mn8n-editor-ui:build: [0m[2mdist/[22m[2massets/[22m[36mvue-json-pretty-DsYkKELy.js                             [39m[1m[2m   38.13 kB[22m[22m[2m │ gzip:  10.63 kB[22m
[35mn8n-editor-ui:build: [0m[2mdist/[22m[2massets/[22m[36mcore-B834MECE.js                                        [39m[1m[2m   38.16 kB[22m[22m[2m │ gzip:  10.82 kB[22m
[35mn8n-editor-ui:build: [0m[2mdist/[22m[2massets/[22m[36mCalendarDate-5ePbeqjb.js                                [39m[1m[2m   38.64 kB[22m[22m[2m │ gzip:   8.11 kB[22m
[35mn8n-editor-ui:build: [0m[2mdist/[22m[2massets/[22m[36mProjectSettings-BO7cItN2.js                             [39m[1m[2m   39.23 kB[22m[22m[2m │ gzip:   8.32 kB[22m
[35mn8n-editor-ui:build: [0m[2mdist/[22m[2massets/[22m[36mNodeDetailsViewV2-yjSHCvUF.js                           [39m[1m[2m   39.45 kB[22m[22m[2m │ gzip:   9.93 kB[22m
[35mn8n-editor-ui:build: [0m[2mdist/[22m[2massets/[22m[36mtemplates.store-BRCyetkn.js                             [39m[1m[2m   39.88 kB[22m[22m[2m │ gzip:  13.19 kB[22m
[35mn8n-editor-ui:build: [0m[2mdist/[22m[2massets/[22m[36mreadyToRunWorkflows.store-CgtAUVMa.js                   [39m[1m[2m   40.30 kB[22m[22m[2m │ gzip:  10.27 kB[22m
[35mn8n-editor-ui:build: [0m[2mdist/[22m[2massets/[22m[36massistant.store-BEhpqmtO.js                             [39m[1m[2m   41.75 kB[22m[22m[2m │ gzip:   9.47 kB[22m
[35mn8n-editor-ui:build: [0m[2mdist/[22m[2massets/[22m[36mSettingsMCPView-B-kFPvC1.js                             [39m[1m[2m   42.16 kB[22m[22m[2m │ gzip:   8.13 kB[22m
[35mn8n-editor-ui:build: [0m[2mdist/[22m[2massets/[22m[36mTemplatesSearchView-BRDGon0U.js                         [39m[1m[2m   44.46 kB[22m[22m[2m │ gzip:  10.55 kB[22m
[35mn8n-editor-ui:build: [0m[2mdist/[22m[2massets/[22m[36mNodeDetailsView-D5ZHXdnO.js                             [39m[1m[2m   44.50 kB[22m[22m[2m │ gzip:  10.52 kB[22m
[35mn8n-editor-ui:build: [0m[2mdist/[22m[2massets/[22m[36mMainSidebar-CDRm6sEw.js                                 [39m[1m[2m   45.24 kB[22m[22m[2m │ gzip:   9.84 kB[22m
[35mn8n-editor-ui:build: [0m[2mdist/[22m[2massets/[22m[36mSettingsSso-CTPBHudk.js                                 [39m[1m[2m   49.64 kB[22m[22m[2m │ gzip:   9.41 kB[22m
[35mn8n-editor-ui:build: [0m[2mdist/[22m[2massets/[22m[36msemver-C7KK-orI.js                                      [39m[1m[2m   51.00 kB[22m[22m[2m │ gzip:  11.20 kB[22m
[35mn8n-editor-ui:build: [0m[2mdist/[22m[2massets/[22m[36mChatView-UangyedO.js                                    [39m[1m[2m   52.62 kB[22m[22m[2m │ gzip:  12.09 kB[22m
[35mn8n-editor-ui:build: [0m[2mdist/[22m[2massets/[22m[36mTriggerPanel-CgVp6dbl.js                                [39m[1m[2m   57.21 kB[22m[22m[2m │ gzip:  12.37 kB[22m
[35mn8n-editor-ui:build: [0m[2mdist/[22m[2massets/[22m[36mexports-0lA49Fnw.js                                     [39m[1m[2m   61.43 kB[22m[22m[2m │ gzip:  15.92 kB[22m
[35mn8n-editor-ui:build: [0m[2mdist/[22m[2massets/[22m[36mAddDataTableModal-BOpFSz9L.js                           [39m[1m[2m   61.79 kB[22m[22m[2m │ gzip:  14.61 kB[22m
[35mn8n-editor-ui:build: [0m[2mdist/[22m[2massets/[22m[36mNodeCreator-CXGKqBjs.js                                 [39m[1m[2m   63.45 kB[22m[22m[2m │ gzip:  14.23 kB[22m
[35mn8n-editor-ui:build: [0m[2mdist/[22m[2massets/[22m[36museCommandBar-yRhbBNIY.js                               [39m[1m[2m   66.08 kB[22m[22m[2m │ gzip:  12.26 kB[22m
[35mn8n-editor-ui:build: [0m[2mdist/[22m[2massets/[22m[36mSettingsLdapView-CCnRtVnD.js                            [39m[1m[2m   71.28 kB[22m[22m[2m │ gzip:  14.48 kB[22m
[35mn8n-editor-ui:build: [0m[2mdist/[22m[2massets/[22m[36museCanvasOperations-C-agzHIm.js                         [39m[1m[2m   71.32 kB[22m[22m[2m │ gzip:  16.03 kB[22m
[35mn8n-editor-ui:build: [0m[2mdist/[22m[2massets/[22m[36mMainHeader-COL4T8ij.js                                  [39m[1m[2m   74.40 kB[22m[22m[2m │ gzip:  17.49 kB[22m
[35mn8n-editor-ui:build: [0m[2mdist/[22m[2massets/[22m[36mNodeSettings-WgNS447Z.js                                [39m[1m[2m   82.01 kB[22m[22m[2m │ gzip:  17.81 kB[22m
[35mn8n-editor-ui:build: [0m[2mdist/[22m[2massets/[22m[36mVirtualSchema-BXSPfrKV.js                               [39m[1m[2m   85.03 kB[22m[22m[2m │ gzip:  22.44 kB[22m
[35mn8n-editor-ui:build: [0m[2mdist/[22m[2massets/[22m[36mempty-C2SrrehM.js                                       [39m[1m[2m   89.28 kB[22m[22m[2m │ gzip:  18.85 kB[22m
[35mn8n-editor-ui:build: [0m[2mdist/[22m[2massets/[22m[36mLogsPanel-0AYNJegx.js                                   [39m[1m[2m   96.03 kB[22m[22m[2m │ gzip:  21.89 kB[22m
[35mn8n-editor-ui:build: [0m[2mdist/[22m[2massets/[22m[36m_baseOrderBy-dn3_PsCw.js                                [39m[1m[2m  104.43 kB[22m[22m[2m │ gzip:  29.64 kB[22m
[35mn8n-editor-ui:build: [0m[2mdist/[22m[2massets/[22m[36mNodeView-D8mnTNiE.js                                    [39m[1m[2m  104.61 kB[22m[22m[2m │ gzip:  23.95 kB[22m
[35mn8n-editor-ui:build: [0m[2mdist/[22m[2massets/[22m[36mnodeCreator.store-C-xpbrJu.js                           [39m[1m[2m  124.08 kB[22m[22m[2m │ gzip:  23.99 kB[22m
[35mn8n-editor-ui:build: [0m[2mdist/[22m[2massets/[22m[36mtable-BV4KmpHo.js                                       [39m[1m[2m  134.53 kB[22m[22m[2m │ gzip:  32.92 kB[22m
[35mn8n-editor-ui:build: [0m[2mdist/[22m[2massets/[22m[36mWorkflowsView-BX27SPe0.js                               [39m[1m[2m  135.13 kB[22m[22m[2m │ gzip:  25.25 kB[22m
[35mn8n-editor-ui:build: [0m[2mdist/[22m[2massets/[22m[36mtruncate-DgvjdIlS.js                                    [39m[1m[2m  139.31 kB[22m[22m[2m │ gzip:  35.24 kB[22m
[35mn8n-editor-ui:build: [0m[2mdist/[22m[2massets/[22m[36mrouter-Ds26eyt0.js                                      [39m[1m[2m  144.72 kB[22m[22m[2m │ gzip:  33.12 kB[22m
[35mn8n-editor-ui:build: [0m[2mdist/[22m[2massets/[22m[36mvue-CLRzcfGh.js                                         [39m[1m[2m  154.13 kB[22m[22m[2m │ gzip:  38.44 kB[22m
[35mn8n-editor-ui:build: [0m[2mdist/[22m[2massets/[22m[36mdate-picker-DY5HEglH.js                                 [39m[1m[2m  157.50 kB[22m[22m[2m │ gzip:  32.35 kB[22m
[35mn8n-editor-ui:build: [0m[2mdist/[22m[2massets/[22m[36mRunDataJsonActions-Dno_raW2.js                          [39m[1m[2m  178.93 kB[22m[22m[2m │ gzip:  38.21 kB[22m
[35mn8n-editor-ui:build: [0m[2mdist/[22m[2massets/[22m[36mvue.runtime.esm-bundler-tP5dCd7J.js                     [39m[1m[2m  274.46 kB[22m[22m[2m │ gzip:  69.13 kB[22m
[35mn8n-editor-ui:build: [0m[2mdist/[22m[2massets/[22m[36mlanguageModules-GJLbrGx7.js                             [39m[1m[2m  297.51 kB[22m[22m[2m │ gzip:  83.30 kB[22m
[35mn8n-editor-ui:build: [0m[2mdist/[22m[2massets/[22m[36museImportCurlCommand-B90wUgMS.js                        [39m[1m[2m  313.82 kB[22m[22m[2m │ gzip:  63.49 kB[22m
[35mn8n-editor-ui:build: [0m[2mdist/[22m[2massets/[22m[36mchart-DnsWbmwc.js                                       [39m[1m[2m  348.73 kB[22m[22m[2m │ gzip:  86.01 kB[22m
[35mn8n-editor-ui:build: [0m[2mdist/[22m[2massets/[22m[36msanitize-html-BxAbtdhp.js                               [39m[1m[2m  365.28 kB[22m[22m[2m │ gzip:  94.75 kB[22m
[35mn8n-editor-ui:build: [0m[2mdist/[22m[2massets/[22m[36museCanvasMapping-CTfwbbYv.js                            [39m[1m[2m  443.92 kB[22m[22m[2m │ gzip: 100.71 kB[22m
[35mn8n-editor-ui:build: [0m[2mdist/[22m[2massets/[22m[36m_MapCache-Bku_06VC.js                                   [39m[1m[33m  513.10 kB[39m[22m[2m │ gzip: 116.24 kB[22m
[35mn8n-editor-ui:build: [0m[2mdist/[22m[2massets/[22m[36mNDVEmptyState-o4byvLyu.js                               [39m[1m[33m  727.35 kB[39m[22m[2m │ gzip: 183.66 kB[22m
[35mn8n-editor-ui:build: [0m[2mdist/[22m[2massets/[22m[36museTelemetry-61_A6vlQ.js                                [39m[1m[33m  906.34 kB[39m[22m[2m │ gzip: 211.38 kB[22m
[35mn8n-editor-ui:build: [0m[2mdist/[22m[2massets/[22m[36mindex-Cw7Irmgd.js                                       [39m[1m[33m1,019.52 kB[39m[22m[2m │ gzip: 215.94 kB[22m
[35mn8n-editor-ui:build: [0m[2mdist/[22m[2massets/[22m[36mes-C8YSpQK8.js                                          [39m[1m[33m1,190.50 kB[39m[22m[2m │ gzip: 324.96 kB[22m
[35mn8n-editor-ui:build: [0m[2mdist/[22m[2massets/[22m[36misEmpty-CP1RD0C2.js                                     [39m[1m[33m1,338.85 kB[39m[22m[2m │ gzip: 333.61 kB[22m
[35mn8n-editor-ui:build: [0m[2mdist/[22m[2massets/[22m[36mParameterInputList-CNIrwa7q.js                          [39m[1m[33m1,402.35 kB[39m[22m[2m │ gzip: 347.59 kB[22m
[35mn8n-editor-ui:build: [0m[2mdist/[22m[2massets/[22m[36mDataTableDetailsView-DHEE6Jbr.js                        [39m[1m[33m1,586.66 kB[39m[22m[2m │ gzip: 354.62 kB[22m
[35mn8n-editor-ui:build: [0m[2mdist/[22m[2massets/[22m[36msrc-D-cesGD9.js                                         [39m[1m[33m1,777.54 kB[39m[22m[2m │ gzip: 386.31 kB[22m
[35mn8n-editor-ui:build: [0m[2mdist/[22m[2massets/[22m[36mconstants-f9S826H3.js                                   [39m[1m[33m2,839.52 kB[39m[22m[2m │ gzip: 548.39 kB[22m
[35mn8n-editor-ui:build: [0m[33m[EVAL] Warning:[0m Use of `eval` function is strongly discouraged as it poses security risks and may cause issues with minification.
[35mn8n-editor-ui:build: [0m      [38;5;246m╭[0m[38;5;246m─[0m[38;5;246m[[0m ../../../node_modules/.pnpm/web-tree-sitter@0.24.3/node_modules/web-tree-sitter/tree-sitter.js:1195:37 [38;5;246m][0m
[35mn8n-editor-ui:build: [0m      [38;5;246m│[0m
[35mn8n-editor-ui:build: [0m [38;5;246m1195 │[0m [38;5;249m [0m[38;5;249m [0m[38;5;249m [0m[38;5;249m [0m[38;5;249m [0m[38;5;249m [0m[38;5;249m [0m[38;5;249m [0m[38;5;249m [0m[38;5;249m [0m[38;5;249m [0m[38;5;249m [0m[38;5;249m [0m[38;5;249m [0m[38;5;249m [0m[38;5;249m [0m[38;5;249mA[0m[38;5;249mS[0m[38;5;249mM[0m[38;5;249m_[0m[38;5;249mC[0m[38;5;249mO[0m[38;5;249mN[0m[38;5;249mS[0m[38;5;249mT[0m[38;5;249mS[0m[38;5;249m[[0m[38;5;249ms[0m[38;5;249mt[0m[38;5;249ma[0m[38;5;249mr[0m[38;5;249mt[0m[38;5;249m][0m[38;5;249m [0m[38;5;249m=[0m[38;5;249m [0meval[38;5;249m([0m[38;5;249mf[0m[38;5;249mu[0m[38;5;249mn[0m[38;5;249mc[0m[38;5;249m)[0m[38;5;249m;[0m
[35mn8n-editor-ui:build: [0m [38;5;240m     │[0m                                     ──┬─  
[35mn8n-editor-ui:build: [0m [38;5;240m     │[0m                                       ╰─── Use of `eval` function here.
[35mn8n-editor-ui:build: [0m[38;5;246m──────╯[0m
[35mn8n-editor-ui:build: [0m
[35mn8n-editor-ui:build: [0m[33m[EVAL] Warning:[0m Use of `eval` function is strongly discouraged as it poses security risks and may cause issues with minification.
[35mn8n-editor-ui:build: [0m      [38;5;246m╭[0m[38;5;246m─[0m[38;5;246m[[0m ../../../node_modules/.pnpm/web-tree-sitter@0.24.3/node_modules/web-tree-sitter/tree-sitter.js:1221:39 [38;5;246m][0m
[35mn8n-editor-ui:build: [0m      [38;5;246m│[0m
[35mn8n-editor-ui:build: [0m [38;5;246m1221 │[0m [38;5;249m [0m[38;5;249m [0m[38;5;249m [0m[38;5;249m [0m[38;5;249m [0m[38;5;249m [0m[38;5;249m [0m[38;5;249m [0m[38;5;249m [0m[38;5;249m [0m[38;5;249m [0m[38;5;249m [0m[38;5;249m [0m[38;5;249m [0m[38;5;249m [0m[38;5;249m [0m[38;5;249mm[0m[38;5;249mo[0m[38;5;249md[0m[38;5;249mu[0m[38;5;249ml[0m[38;5;249me[0m[38;5;249mE[0m[38;5;249mx[0m[38;5;249mp[0m[38;5;249mo[0m[38;5;249mr[0m[38;5;249mt[0m[38;5;249ms[0m[38;5;249m[[0m[38;5;249mn[0m[38;5;249ma[0m[38;5;249mm[0m[38;5;249me[0m[38;5;249m][0m[38;5;249m [0m[38;5;249m=[0m[38;5;249m [0meval[38;5;249m([0m[38;5;249mf[0m[38;5;249mu[0m[38;5;249mn[0m[38;5;249mc[0m[38;5;249m)[0m[38;5;249m;[0m
[35mn8n-editor-ui:build: [0m [38;5;240m     │[0m                                       ──┬─  
[35mn8n-editor-ui:build: [0m [38;5;240m     │[0m                                         ╰─── Use of `eval` function here.
[35mn8n-editor-ui:build: [0m[38;5;246m──────╯[0m
[35mn8n-editor-ui:build: [0m
[35mn8n-editor-ui:build: [0m✓ built in 6m
[33mn8n-nodes-base:build: [0mcache hit, replaying logs [2mc3514adc9a0a8da9[0m
[33mn8n-nodes-base:build: [0m
[33mn8n-nodes-base:build: [0m> n8n-nodes-base@1.120.0 build /home/jan/n8n/packages/nodes-base
[33mn8n-nodes-base:build: [0m> tsc --build tsconfig.build.cjs.json && pnpm copy-nodes-json && tsc-alias -p tsconfig.build.cjs.json && pnpm n8n-copy-static-files && pnpm n8n-generate-translations && pnpm n8n-generate-metadata
[33mn8n-nodes-base:build: [0m
[33mn8n-nodes-base:build: [0m
[33mn8n-nodes-base:build: [0m> n8n-nodes-base@1.120.0 copy-nodes-json /home/jan/n8n/packages/nodes-base
[33mn8n-nodes-base:build: [0m> node scripts/copy-nodes-json.js .
[33mn8n-nodes-base:build: [0m
[33mn8n-nodes-base:build: [0mDefault locale set to: [35men[0m
[33mn8n-nodes-base:build: [0mNo translation required - Skipping translations build...
[35m@n8n/n8n-nodes-langchain:build: [0mcache hit, replaying logs [2md4f8f8faf22fdaa4[0m
[35m@n8n/n8n-nodes-langchain:build: [0m
[35m@n8n/n8n-nodes-langchain:build: [0m> @n8n/n8n-nodes-langchain@1.121.0 build /home/jan/n8n/packages/@n8n/nodes-langchain
[35m@n8n/n8n-nodes-langchain:build: [0m> tsup --tsconfig tsconfig.build.json && pnpm copy-nodes-json && tsc-alias -p tsconfig.build.json && pnpm copy-tokenizer-json && pnpm n8n-copy-static-files && pnpm n8n-generate-metadata
[35m@n8n/n8n-nodes-langchain:build: [0m
[35m@n8n/n8n-nodes-langchain:build: [0m
[35m@n8n/n8n-nodes-langchain:build: [0m> @n8n/n8n-nodes-langchain@1.121.0 copy-nodes-json /home/jan/n8n/packages/@n8n/nodes-langchain
[35m@n8n/n8n-nodes-langchain:build: [0m> node ../../nodes-base/scripts/copy-nodes-json.js .
[35m@n8n/n8n-nodes-langchain:build: [0m
[35m@n8n/n8n-nodes-langchain:build: [0m
[35m@n8n/n8n-nodes-langchain:build: [0m> @n8n/n8n-nodes-langchain@1.121.0 copy-tokenizer-json /home/jan/n8n/packages/@n8n/nodes-langchain
[35m@n8n/n8n-nodes-langchain:build: [0m> node scripts/copy-tokenizer-json.js .
[35m@n8n/n8n-nodes-langchain:build: [0m
[35m@n8n/n8n-nodes-langchain:build: [0mCopied: utils/tokenizer/cl100k_base.json -> dist/utils/tokenizer/cl100k_base.json
[35m@n8n/n8n-nodes-langchain:build: [0mCopied: utils/tokenizer/o200k_base.json -> dist/utils/tokenizer/o200k_base.json
[33mn8n:build: [0mcache hit, replaying logs [2m626c58705189fdf7[0m
[33mn8n:build: [0m
[33mn8n:build: [0m> n8n@1.122.0 build /home/jan/n8n/packages/cli
[33mn8n:build: [0m> tsc -p tsconfig.build.json && tsc-alias -p tsconfig.build.json && pnpm run build:data
[33mn8n:build: [0m
[33mn8n:build: [0m
[33mn8n:build: [0m> n8n@1.122.0 build:data /home/jan/n8n/packages/cli
[33mn8n:build: [0m> node scripts/build.mjs
[33mn8n:build: [0m

[1m Tasks:    [32m[1m39 successful[0m, 39 total[0m
[1mCached:    [1m39 cached[0m, 39 total[0m
[1m  Time:    [1m10.247s[0m [1m[38;2;18;45;128m>[0m[0;1m[1m[38;2;4;45;162m>[0m[0;1m[1m[38;2;1;45;194m>[0m[0;1m[1m[38;2;6;45;221m [0m[0;1m[1m[38;2;21;45;241mF[0m[0;1m[1m[38;2;44;45;252mU[0m[0;1m[1m[38;2;73;45;254mL[0m[0;1m[1m[38;2;106;45;247mL[0m[0;1m[1m[38;2;141;45;230m [0m[0;1m[1m[38;2;175;45;206mT[0m[0;1m[1m[38;2;205;45;176mU[0m[0;1m[1m[38;2;229;45;142mR[0m[0;1m[1m[38;2;246;45;107mB[0m[0;1m[1m[38;2;254;45;74mO[0m[0;1m[0m[0m

INFO: Generating third-party licenses...
$ cd /home/jan/n8n && node scripts/generate-third-party-licenses.mjs
[34m🚀 Generating third-party licenses for n8n...[39m
[33m📊 Running license-checker...[39m
(node:589281) Warning: The 'NO_COLOR' env is ignored due to the 'FORCE_COLOR' env being set.
(Use `node --trace-warnings ...` to show where the warning was created)
(node:589320) Warning: The 'NO_COLOR' env is ignored due to the 'FORCE_COLOR' env being set.
(Use `node --trace-warnings ...` to show where the warning was created)
(node:589879) Warning: The 'NO_COLOR' env is ignored due to the 'FORCE_COLOR' env being set.
(Use `node --trace-warnings ...` to show where the warning was created)
(node:590511) Warning: The 'NO_COLOR' env is ignored due to the 'FORCE_COLOR' env being set.
(Use `node --trace-warnings ...` to show where the warning was created)
(node:590511) [DEP0170] DeprecationWarning: The URL git+ssh://git@github.com:apertureless/vue-chartjs.git is invalid. Future versions of Node.js will throw an error.
[32m✅ License data collected[39m
[32m✅ Parsed 2546 packages[39m
[33m📝 Building markdown document...[39m
[36m📦 Processed 2533 packages in 38 license groups[39m
[34mℹ️  Used fallback texts for: PSF, Custom: https://img.shields.io/npm/dw/, LGPL-3.0-or-later, UNKNOWN, CC-BY-3.0, (MIT OR CC0-1.0), Custom: http://en.wikipedia.org/wiki/Uuencoding, Custom: https://github.com/colinhacks/zod[39m
[32m✅ All license types have texts[39m
[32m[39m
[32m🎉 License generation completed successfully![39m
[32m📄 Output: /home/jan/n8n/packages/cli/THIRD_PARTY_LICENSES.md[39m
[32m📦 Packages: 2533[39m
✅ Third-party licenses generated successfully
✅ pnpm install and build completed
✅ Package build completed in 52s
-----------------------------------------------
INFO: Performing pre-deploy cleanup on package.json files...
$ cd /home/jan/n8n && find . -name "package.json" -not -path "./node_modules/*" -not -path "*/node_modules/*" -not -path "./compiled/*" -type f
./package.json
./packages/nodes-base/package.json
./packages/testing/playwright/package.json
./packages/testing/containers/package.json
./packages/core/package.json
./packages/cli/package.json
./packages/extensions/insights/package.json
./packages/node-dev/package.json
./packages/workflow/package.json
./packages/frontend/@n8n/design-system/package.json
./packages/frontend/@n8n/stores/package.json
./packages/frontend/@n8n/composables/package.json
./packages/frontend/@n8n/i18n/package.json
./packages/frontend/@n8n/storybook/package.json
./packages/frontend/@n8n/chat/package.json
./packages/frontend/@n8n/rest-api-client/package.json
./packages/frontend/editor-ui/package.json
./packages/@n8n/constants/package.json
./packages/@n8n/vitest-config/package.json
./packages/@n8n/decorators/package.json
./packages/@n8n/scan-community-package/package.json
./packages/@n8n/imap/package.json
./packages/@n8n/extension-sdk/package.json
./packages/@n8n/eslint-config/package.json
./packages/@n8n/create-node/package.json
./packages/@n8n/benchmark/package.json
./packages/@n8n/config/package.json
./packages/@n8n/codemirror-lang-sql/package.json
./packages/@n8n/node-cli/dist/template/templates/declarative/github-issues/template/package.json
./packages/@n8n/node-cli/dist/template/templates/declarative/custom/template/package.json
./packages/@n8n/node-cli/dist/template/templates/programmatic/example/template/package.json
./packages/@n8n/node-cli/package.json
./packages/@n8n/node-cli/src/template/templates/declarative/github-issues/template/package.json
./packages/@n8n/node-cli/src/template/templates/declarative/custom/template/package.json
./packages/@n8n/node-cli/src/template/templates/programmatic/example/template/package.json
./packages/@n8n/eslint-plugin-community-nodes/package.json
./packages/@n8n/client-oauth2/package.json
./packages/@n8n/stylelint-config/package.json
./packages/@n8n/ai-workflow-builder.ee/package.json
./packages/@n8n/typescript-config/package.json
./packages/@n8n/task-runner/package.json
./packages/@n8n/db/package.json
./packages/@n8n/di/package.json
./packages/@n8n/codemirror-lang/package.json
./packages/@n8n/api-types/package.json
./packages/@n8n/backend-common/package.json
./packages/@n8n/backend-test-utils/package.json
./packages/@n8n/json-schema-to-zod/dist/cjs/package.json
./packages/@n8n/json-schema-to-zod/dist/esm/package.json
./packages/@n8n/json-schema-to-zod/package.json
./packages/@n8n/utils/package.json
./packages/@n8n/permissions/package.json
./packages/@n8n/nodes-langchain/package.json
./packages/@n8n/errors/package.json
./.github/scripts/package.json
$ cd /home/jan/n8n && node .github/scripts/trim-fe-packageJson.js
INFO: Performing selective patch cleanup...
✅ Kept backend patches: pdfjs-dist, pkce-challenge, bull
Removed FE/dev patches that are not in the list of backend patches to keep: pdfjs-dist, pkce-challenge, bull
INFO: Creating pruned production deployment in '/home/jan/n8n/compiled'...
$ cd /home/jan/n8n && NODE_ENV=production DOCKER_BUILD=true pnpm --filter=n8n --prod --legacy deploy --no-optional ./compiled
(node:606954) Warning: The 'NO_COLOR' env is ignored due to the 'FORCE_COLOR' env being set.
(Use `node --trace-warnings ...` to show where the warning was created)
(node:607464) Warning: The 'NO_COLOR' env is ignored due to the 'FORCE_COLOR' env being set.
(Use `node --trace-warnings ...` to show where the warning was created)
[43m[30m WARN [39m[49m Shared workspace lockfile detected but configuration forces legacy deploy implementation.
packages/cli                             | [43m[30m WARN [39m[49m [31mdeprecated[39m infisical-node@1.3.0
.                                        | [43m[30m WARN [39m[49m [31mdeprecated[39m supertest@7.1.1
packages/@n8n/codemirror-lang-sql        | [43m[30m WARN [39m[49m [31mdeprecated[39m @codemirror/text@0.19.6
packages/nodes-base                      | [43m[30m WARN [39m[49m [31mdeprecated[39m gm@1.25.1
(node:607464) Warning: The 'NO_COLOR' env is ignored due to the 'FORCE_COLOR' env being set.
(Use `node --trace-warnings ...` to show where the warning was created)
[43m[30m WARN [39m[49m [31m26 deprecated subdependencies found:[39m @aws-sdk/protocol-http@3.374.0, @aws-sdk/signature-v4@3.374.0, @npmcli/move-file@1.1.2, abab@2.0.6, are-we-there-yet@3.0.1, bson@6.10.0, debuglog@1.0.1, domexception@4.0.0, gauge@4.0.4, glob@7.2.3, glob@8.1.0, inflight@1.0.6, lodash.get@4.4.2, mailsplit@5.4.0, node-domexception@1.0.0, npmlog@6.0.2, osenv@0.1.5, q@2.0.3, read-installed@4.0.3, read-package-json@2.1.2, readdir-scoped-modules@1.1.0, rimraf@2.6.3, rimraf@3.0.2, source-map@0.8.0-beta.0, superagent@10.2.1, yaeti@0.0.6
[43m[30m WARN [39m[49m Issues with peer dependencies found
[0mpackages/@n8n/eslint-config[0m
└─┬ @n8n/vitest-config [90m1.5.0[39m
  ├── [31m✕ missing peer[39m vite@catalog:
  └── [93m✕ unmet peer[39m vitest@catalog:: found 3.1.3
Peer dependencies that should be installed:
  vite@catalog:

[0mpackages/@n8n/eslint-plugin-community-nodes[0m
└─┬ @n8n/vitest-config [90m1.5.0[39m
  ├── [31m✕ missing peer[39m vite@catalog:
  └── [93m✕ unmet peer[39m vitest@catalog:: found 3.1.3
Peer dependencies that should be installed:
  vite@catalog:

[0mpackages/@n8n/extension-sdk[0m
└─┬ @vitejs/plugin-vue [90m5.2.4[39m
  └── [93m✕ unmet peer[39m vite@"^5.0.0 || ^6.0.0": found 7.1.16

[0mpackages/@n8n/imap[0m
├─┬ @n8n/vitest-config [90m1.5.0[39m
│ ├── [31m✕ missing peer[39m vite@catalog:
│ └── [31m✕ missing peer[39m vitest@catalog:
└─┬ vitest-mock-extended [90m3.1.0[39m
  └── [31m✕ missing peer[39m vitest@>=3.0.0
[31m✕ Conflicting peer dependencies:[39m
[31m  vitest[39m
Peer dependencies that should be installed:
  vite@catalog:

[0mpackages/@n8n/node-cli[0m
├─┬ @n8n/vitest-config [90m1.5.0[39m
│ ├── [31m✕ missing peer[39m vite@catalog:
│ └── [93m✕ unmet peer[39m vitest@catalog:: found 3.1.3
└─┬ eslint-plugin-n8n-nodes-base [90m1.16.3[39m
  └─┬ @typescript-eslint/utils [90m6.21.0[39m
    └── [93m✕ unmet peer[39m eslint@"^7.0.0 || ^8.0.0": found 9.29.0
Peer dependencies that should be installed:
  vite@catalog:

[0mpackages/@n8n/nodes-langchain[0m
├─┬ @browserbasehq/stagehand [90m1.9.0[39m
│ └── [93m✕ unmet peer[39m openai@^4.62.1: found 5.12.2
└─┬ @langchain/community [90m0.3.50[39m
  ├── [93m✕ unmet peer[39m mongodb@^6.17.0: found 6.11.0
  └── [93m✕ unmet peer[39m @qdrant/js-client-rest@^1.15.0: found 1.14.1

[0mpackages/@n8n/utils[0m
└─┬ @n8n/vitest-config [90m1.5.0[39m
  ├── [93m✕ unmet peer[39m vite@catalog:: found 7.1.16
  └── [93m✕ unmet peer[39m vitest@catalog:: found 3.1.3

[0mpackages/cli[0m
├─┬ epub2 [90m3.0.2[39m
│ └─┬ crlf-normalize [90m1.0.19[39m
│   └─┬ ts-type [90m3.0.1[39m
│     └── [31m✕ missing peer[39m ts-toolbelt@^9.6.0
├─┬ @n8n/n8n-nodes-langchain [90m1.121.0[39m
│ ├─┬ epub2 [90m3.0.2[39m
│ │ └── [31m✕ missing peer[39m ts-toolbelt@^9.6.0
│ └─┬ @langchain/community [90m0.3.50[39m
│   ├── [93m✕ unmet peer[39m mongodb@^6.17.0: found 6.11.0
│   └── [93m✕ unmet peer[39m @qdrant/js-client-rest@^1.15.0: found 1.14.1
└─┬ @browserbasehq/stagehand [90m1.9.0[39m
  ├── [93m✕ unmet peer[39m dotenv@^16.4.5: found 8.6.0
  └── [93m✕ unmet peer[39m openai@^4.62.1: found 5.12.2
Peer dependencies that should be installed:
  ts-toolbelt@">=9.6.0 <10.0.0-0"

[0mpackages/extensions/insights[0m
└─┬ @n8n/extension-sdk [90m0.9.0[39m
  ├── [93m✕ unmet peer[39m vue@catalog:frontend: found 3.5.13
  └── [93m✕ unmet peer[39m vue-router@catalog:frontend: found 4.5.0

[0mpackages/frontend/@n8n/composables[0m
└─┬ @n8n/vitest-config [90m1.5.0[39m
  ├── [93m✕ unmet peer[39m vite@catalog:: found 7.1.16
  └── [93m✕ unmet peer[39m vitest@catalog:: found 3.1.3

[0mpackages/frontend/@n8n/i18n[0m
└─┬ @n8n/vitest-config [90m1.5.0[39m
  ├── [93m✕ unmet peer[39m vite@catalog:: found 7.1.16
  └── [93m✕ unmet peer[39m vitest@catalog:: found 3.1.3

[0mpackages/frontend/@n8n/rest-api-client[0m
├─┬ @n8n/i18n [90m1.26.0[39m
│ ├── [31m✕ missing peer[39m vue@catalog:frontend
│ └─┬ vue-i18n [90m11.1.10[39m
│   └── [31m✕ missing peer[39m vue@^3.0.0
└─┬ @n8n/vitest-config [90m1.5.0[39m
  ├── [93m✕ unmet peer[39m vite@catalog:: found 7.1.16
  └── [93m✕ unmet peer[39m vitest@catalog:: found 3.1.3
[31m✕ Conflicting peer dependencies:[39m
[31m  vue[39m

[0mpackages/frontend/@n8n/stores[0m
└─┬ @n8n/vitest-config [90m1.5.0[39m
  ├── [93m✕ unmet peer[39m vite@catalog:: found 7.1.16
  └── [93m✕ unmet peer[39m vitest@catalog:: found 3.1.3

[0mpackages/frontend/@n8n/storybook[0m
├─┬ @chromatic-com/storybook [90m3.2.5[39m
│ └── [93m✕ unmet peer[39m storybook@"^8.2.0 || ^8.3.0-0 || ^8.4.0-0 || ^8.5.0-0 || ^8.6.0-0": found 9.1.7
└─┬ storybook-dark-mode [90m4.0.2[39m
  ├─┬ @storybook/manager-api [90m8.6.4[39m
  │ └── [93m✕ unmet peer[39m storybook@"^8.2.0 || ^8.3.0-0 || ^8.4.0-0 || ^8.5.0-0 || ^8.6.0-0": found 9.1.7
  ├─┬ @storybook/core-events [90m8.6.14[39m
  │ └── [93m✕ unmet peer[39m storybook@"^8.2.0 || ^8.3.0-0 || ^8.4.0-0 || ^8.5.0-0 || ^8.6.0-0": found 9.1.7
  ├─┬ @storybook/theming [90m8.6.4[39m
  │ └── [93m✕ unmet peer[39m storybook@"^8.2.0 || ^8.3.0-0 || ^8.4.0-0 || ^8.5.0-0 || ^8.6.0-0": found 9.1.7
  └─┬ @storybook/components [90m8.6.4[39m
    └── [93m✕ unmet peer[39m storybook@"^8.2.0 || ^8.3.0-0 || ^8.4.0-0 || ^8.5.0-0 || ^8.6.0-0": found 9.1.7

[0mpackages/testing/playwright[0m
├─┬ n8n [90m1.122.0[39m
│ └─┬ @n8n/n8n-nodes-langchain [90m1.121.0[39m
│   ├─┬ epub2 [90m3.0.2[39m
│   │ └── [31m✕ missing peer[39m ts-toolbelt@^9.6.0
│   └─┬ @langchain/community [90m0.3.50[39m
│     ├── ✕ unmet peer mongodb@^6.17.0: found 6.11.0 in @n8n/n8n-nodes-langchain
│     └── ✕ unmet peer @qdrant/js-client-rest@^1.15.0: found 1.14.1 in @n8n/n8n-nodes-langchain
└─┬ @browserbasehq/stagehand [90m1.9.0[39m
  └── [93m✕ unmet peer[39m openai@^4.62.1: found 5.12.2
Peer dependencies that should be installed:
  ts-toolbelt@^9.6.0

[0mpackages/workflow[0m
└─┬ @n8n/vitest-config [90m1.5.0[39m
  ├── [31m✕ missing peer[39m vite@catalog:
  └── [93m✕ unmet peer[39m vitest@catalog:: found 3.1.3
Peer dependencies that should be installed:
  vite@catalog:
(node:607464) Warning: The 'NO_COLOR' env is ignored due to the 'FORCE_COLOR' env being set.
(Use `node --trace-warnings ...` to show where the warning was created)
(node:607464) Warning: The 'NO_COLOR' env is ignored due to the 'FORCE_COLOR' env being set.
(Use `node --trace-warnings ...` to show where the warning was created)
INFO: Creating JavaScript task runner deployment in '/home/jan/n8n/dist/task-runner-javascript'...
$ cd /home/jan/n8n && NODE_ENV=production DOCKER_BUILD=true pnpm --filter=@n8n/task-runner --prod --legacy deploy --no-optional /home/jan/n8n/dist/task-runner-javascript
(node:614534) Warning: The 'NO_COLOR' env is ignored due to the 'FORCE_COLOR' env being set.
(Use `node --trace-warnings ...` to show where the warning was created)
(node:614866) Warning: The 'NO_COLOR' env is ignored due to the 'FORCE_COLOR' env being set.
(Use `node --trace-warnings ...` to show where the warning was created)
[43m[30m WARN [39m[49m Shared workspace lockfile detected but configuration forces legacy deploy implementation.
.                                        | [43m[30m WARN [39m[49m [31mdeprecated[39m supertest@7.1.1
packages/@n8n/codemirror-lang-sql        | [43m[30m WARN [39m[49m [31mdeprecated[39m @codemirror/text@0.19.6
packages/nodes-base                      | [43m[30m WARN [39m[49m [31mdeprecated[39m gm@1.25.1
(node:614866) Warning: The 'NO_COLOR' env is ignored due to the 'FORCE_COLOR' env being set.
(Use `node --trace-warnings ...` to show where the warning was created)
packages/cli                             | [43m[30m WARN [39m[49m [31mdeprecated[39m infisical-node@1.3.0
